﻿<Walls>
  <Wall>
    <Name>1</Name>
    <RoomName>Client Preparation Room</RoomName>
    <PositionX>9.75</PositionX>
    <PositionY>1.445</PositionY>
    <PositionZ>0</PositionZ>
    <ScaleX>19.5</ScaleX>
    <ScaleY>2.573039</ScaleY>
    <ScaleZ>0.1</ScaleZ>
    <RotateX>0</RotateX>
    <RotateY>0</RotateY>
    <RotateZ>0</RotateZ>
  </Wall>
  <Wall>
    <Name>2</Name>
    <RoomName>Client Preparation Room</RoomName>
    <PositionX>0</PositionX>
    <PositionY>1.445</PositionY>
    <PositionZ>3.3</PositionZ>
    <ScaleX>6.6</ScaleX>
    <ScaleY>2.573039</ScaleY>
    <ScaleZ>0.1</ScaleZ>
    <RotateX>0</RotateX>
    <RotateY>90</RotateY>
    <RotateZ>0</RotateZ>
  </Wall>
  <Wall>
    <Name>3</Name>
    <RoomName>Client Preparation Room</RoomName>
    <PositionX>7.75</PositionX>
    <PositionY>1.445</PositionY>
    <PositionZ>6.6</PositionZ>
    <ScaleX>15.5</ScaleX>
    <ScaleY>2.573039</ScaleY>
    <ScaleZ>0.1</ScaleZ>
    <RotateX>0</RotateX>
    <RotateY>0</RotateY>
    <RotateZ>0</RotateZ>
  </Wall>
  <Wall>
    <Name>4</Name>
    <RoomName>Client Preparation Room</RoomName>
    <PositionX>15.5</PositionX>
    <PositionY>1.445</PositionY>
    <PositionZ>5</PositionZ>
    <ScaleX>3.2</ScaleX>
    <ScaleY>2.573039</ScaleY>
    <ScaleZ>0.1</ScaleZ>
    <RotateX>0</RotateX>
    <RotateY>90</RotateY>
    <RotateZ>0</RotateZ>
  </Wall>
  <Wall>
    <Name>5</Name>
    <RoomName>Client Preparation Room</RoomName>
    <PositionX>17.5</PositionX>
    <PositionY>1.445</PositionY>
    <PositionZ>3.4</PositionZ>
    <ScaleX>4</ScaleX>
    <ScaleY>2.573039</ScaleY>
    <ScaleZ>0.1</ScaleZ>
    <RotateX>0</RotateX>
    <RotateY>0</RotateY>
    <RotateZ>0</RotateZ>
  </Wall>
  <Wall>
    <Name>6</Name>
    <RoomName>Client Preparation Room</RoomName>
    <PositionX>19.5</PositionX>
    <PositionY>1.445</PositionY>
    <PositionZ>1.7</PositionZ>
    <ScaleX>3.4</ScaleX>
    <ScaleY>2.573039</ScaleY>
    <ScaleZ>0.1</ScaleZ>
    <RotateX>0</RotateX>
    <RotateY>90</RotateY>
    <RotateZ>0</RotateZ>
  </Wall>
  <Wall>
    <Name>7</Name>
    <RoomName>SmartCondo</RoomName>
    <PositionX>5.3</PositionX>
    <PositionY>1.445</PositionY>
    <PositionZ>8.6</PositionZ>
    <ScaleX>10.6</ScaleX>
    <ScaleY>2.573039</ScaleY>
    <ScaleZ>0.1</ScaleZ>
    <RotateX>0</RotateX>
    <RotateY>0</RotateY>
    <RotateZ>0</RotateZ>
  </Wall>
  <Wall>
    <Name>8</Name>
    <RoomName>SmartCondo</RoomName>
    <PositionX>0</PositionX>
    <PositionY>1.445</PositionY>
    <PositionZ>12.75</PositionZ>
    <ScaleX>8.299999</ScaleX>
    <ScaleY>2.573039</ScaleY>
    <ScaleZ>0.1</ScaleZ>
    <RotateX>0</RotateX>
    <RotateY>90</RotateY>
    <RotateZ>0</RotateZ>
  </Wall>
  <Wall>
    <Name>9</Name>
    <RoomName>SmartCondo</RoomName>
    <PositionX>5.3</PositionX>
    <PositionY>1.445</PositionY>
    <PositionZ>16.9</PositionZ>
    <ScaleX>10.6</ScaleX>
    <ScaleY>2.573039</ScaleY>
    <ScaleZ>0.1</ScaleZ>
    <RotateX>0</RotateX>
    <RotateY>0</RotateY>
    <RotateZ>0</RotateZ>
  </Wall>
  <Wall>
    <Name>10</Name>
    <RoomName>SmartCondo</RoomName>
    <PositionX>10.6</PositionX>
    <PositionY>1.445</PositionY>
    <PositionZ>12.75</PositionZ>
    <ScaleX>8.299999</ScaleX>
    <ScaleY>2.573039</ScaleY>
    <ScaleZ>0.1</ScaleZ>
    <RotateX>0</RotateX>
    <RotateY>90</RotateY>
    <RotateZ>0</RotateZ>
  </Wall>
  <Wall>
    <Name>11</Name>
    <RoomName>SmartCondo</RoomName>
    <PositionX>5.3</PositionX>
    <PositionY>1.445</PositionY>
    <PositionZ>10.6</PositionZ>
    <ScaleX>10.6</ScaleX>
    <ScaleY>2.573039</ScaleY>
    <ScaleZ>0.1</ScaleZ>
    <RotateX>0</RotateX>
    <RotateY>0</RotateY>
    <RotateZ>0</RotateZ>
  </Wall>
  <Wall>
    <Name>12</Name>
    <RoomName>SmartCondo</RoomName>
    <PositionX>2.35</PositionX>
    <PositionY>1.445</PositionY>
    <PositionZ>13.6</PositionZ>
    <ScaleX>4.7</ScaleX>
    <ScaleY>2.573039</ScaleY>
    <ScaleZ>0.1</ScaleZ>
    <RotateX>0</RotateX>
    <RotateY>0</RotateY>
    <RotateZ>0</RotateZ>
  </Wall>
  <Wall>
    <Name>13</Name>
    <RoomName>SmartCondo</RoomName>
    <PositionX>4.7</PositionX>
    <PositionY>1.445</PositionY>
    <PositionZ>12.1</PositionZ>
    <ScaleX>3</ScaleX>
    <ScaleY>2.573039</ScaleY>
    <ScaleZ>0.1</ScaleZ>
    <RotateX>0</RotateX>
    <RotateY>90</RotateY>
    <RotateZ>0</RotateZ>
  </Wall>
  <Wall>
    <Name>14</Name>
    <RoomName>SmartCondo</RoomName>
    <PositionX>6.25</PositionX>
    <PositionY>1.445</PositionY>
    <PositionZ>12.6</PositionZ>
    <ScaleX>3.1</ScaleX>
    <ScaleY>2.573039</ScaleY>
    <ScaleZ>0.1</ScaleZ>
    <RotateX>0</RotateX>
    <RotateY>0</RotateY>
    <RotateZ>0</RotateZ>
  </Wall>
  <Wall>
    <Name>15</Name>
    <RoomName>SmartCondo</RoomName>
    <PositionX>7.8</PositionX>
    <PositionY>1.445</PositionY>
    <PositionZ>11.6</PositionZ>
    <ScaleX>2</ScaleX>
    <ScaleY>2.573039</ScaleY>
    <ScaleZ>0.1</ScaleZ>
    <RotateX>0</RotateX>
    <RotateY>90</RotateY>
    <RotateZ>0</RotateZ>
  </Wall>
  <Wall>
    <Name>16</Name>
    <RoomName>SmartCondo</RoomName>
    <PositionX>9.200001</PositionX>
    <PositionY>1.445</PositionY>
    <PositionZ>11.6</PositionZ>
    <ScaleX>2.8</ScaleX>
    <ScaleY>2.573039</ScaleY>
    <ScaleZ>0.1</ScaleZ>
    <RotateX>0</RotateX>
    <RotateY>0</RotateY>
    <RotateZ>0</RotateZ>
  </Wall>
  <Wall>
    <Name>17</Name>
    <RoomName>Mobility3</RoomName>
    <PositionX>23</PositionX>
    <PositionY>1.445</PositionY>
    <PositionZ>3.4</PositionZ>
    <ScaleX>7</ScaleX>
    <ScaleY>2.573039</ScaleY>
    <ScaleZ>0.1</ScaleZ>
    <RotateX>0</RotateX>
    <RotateY>0</RotateY>
    <RotateZ>0</RotateZ>
  </Wall>
  <Wall>
    <Name>18</Name>
    <RoomName>Mobility3</RoomName>
    <PositionX>26.5</PositionX>
    <PositionY>1.445</PositionY>
    <PositionZ>9</PositionZ>
    <ScaleX>11.2</ScaleX>
    <ScaleY>2.573039</ScaleY>
    <ScaleZ>0.1</ScaleZ>
    <RotateX>0</RotateX>
    <RotateY>90</RotateY>
    <RotateZ>0</RotateZ>
  </Wall>
  <Wall>
    <Name>19</Name>
    <RoomName>Mobility3</RoomName>
    <PositionX>20</PositionX>
    <PositionY>1.445</PositionY>
    <PositionZ>8.8</PositionZ>
    <ScaleX>13</ScaleX>
    <ScaleY>2.573039</ScaleY>
    <ScaleZ>0.1</ScaleZ>
    <RotateX>0</RotateX>
    <RotateY>0</RotateY>
    <RotateZ>0</RotateZ>
  </Wall>
  <Wall>
    <Name>20</Name>
    <RoomName>Mobility3</RoomName>
    <PositionX>14.5</PositionX>
    <PositionY>1.445</PositionY>
    <PositionZ>7.7</PositionZ>
    <ScaleX>2.2</ScaleX>
    <ScaleY>2.573039</ScaleY>
    <ScaleZ>0.1</ScaleZ>
    <RotateX>0</RotateX>
    <RotateY>90</RotateY>
    <RotateZ>0</RotateZ>
  </Wall>
  <Wall>
    <Name>21</Name>
    <RoomName>Mobility2</RoomName>
    <PositionX>15.4</PositionX>
    <PositionY>1.445</PositionY>
    <PositionZ>10.85</PositionZ>
    <ScaleX>4.099999</ScaleX>
    <ScaleY>2.573039</ScaleY>
    <ScaleZ>0.1</ScaleZ>
    <RotateX>0</RotateX>
    <RotateY>90</RotateY>
    <RotateZ>0</RotateZ>
  </Wall>
  <Wall>
    <Name>22</Name>
    <RoomName>Mobility2</RoomName>
    <PositionX>20.5</PositionX>
    <PositionY>1.445</PositionY>
    <PositionZ>14.6</PositionZ>
    <ScaleX>12</ScaleX>
    <ScaleY>2.573039</ScaleY>
    <ScaleZ>0.1</ScaleZ>
    <RotateX>0</RotateX>
    <RotateY>0</RotateY>
    <RotateZ>0</RotateZ>
  </Wall>
  <Wall>
    <Name>23</Name>
    <RoomName>Mobility2</RoomName>
    <PositionX>23</PositionX>
    <PositionY>1.445</PositionY>
    <PositionZ>15.45</PositionZ>
    <ScaleX>1.699999</ScaleX>
    <ScaleY>2.573039</ScaleY>
    <ScaleZ>0.1</ScaleZ>
    <RotateX>0</RotateX>
    <RotateY>90</RotateY>
    <RotateZ>0</RotateZ>
  </Wall>
  <Wall>
    <Name>24</Name>
    <RoomName>Mobility2</RoomName>
    <PositionX>14.5</PositionX>
    <PositionY>1.445</PositionY>
    <PositionZ>14.6</PositionZ>
    <ScaleX>3.4</ScaleX>
    <ScaleY>2.573039</ScaleY>
    <ScaleZ>0.1</ScaleZ>
    <RotateX>0</RotateX>
    <RotateY>90</RotateY>
    <RotateZ>0</RotateZ>
  </Wall>
  <Wall>
    <Name>25</Name>
    <RoomName>Mobility2</RoomName>
    <PositionX>14.45</PositionX>
    <PositionY>1.445</PositionY>
    <PositionZ>12.9</PositionZ>
    <ScaleX>1.9</ScaleX>
    <ScaleY>2.573039</ScaleY>
    <ScaleZ>0.1</ScaleZ>
    <RotateX>0</RotateX>
    <RotateY>0</RotateY>
    <RotateZ>0</RotateZ>
  </Wall>
  <Wall>
    <Name>26</Name>
    <RoomName>Mobility2</RoomName>
    <PositionX>13.5</PositionX>
    <PositionY>1.445</PositionY>
    <PositionZ>10.85</PositionZ>
    <ScaleX>4.099999</ScaleX>
    <ScaleY>2.573039</ScaleY>
    <ScaleZ>0.1</ScaleZ>
    <RotateX>0</RotateX>
    <RotateY>90</RotateY>
    <RotateZ>0</RotateZ>
  </Wall>
  <Wall>
    <Name>27</Name>
    <RoomName>Mobility1</RoomName>
    <PositionX>15.4</PositionX>
    <PositionY>1.445</PositionY>
    <PositionZ>20.45</PositionZ>
    <ScaleX>8.300001</ScaleX>
    <ScaleY>2.573039</ScaleY>
    <ScaleZ>0.1</ScaleZ>
    <RotateX>0</RotateX>
    <RotateY>90</RotateY>
    <RotateZ>0</RotateZ>
  </Wall>
  <Wall>
    <Name>28</Name>
    <RoomName>Mobility1</RoomName>
    <PositionX>15.4</PositionX>
    <PositionY>1.445</PositionY>
    <PositionZ>26.7</PositionZ>
    <ScaleX>0.8000011</ScaleX>
    <ScaleY>2.573039</ScaleY>
    <ScaleZ>0.1</ScaleZ>
    <RotateX>0</RotateX>
    <RotateY>90</RotateY>
    <RotateZ>0</RotateZ>
  </Wall>
  <Wall>
    <Name>29</Name>
    <RoomName>Mobility1</RoomName>
    <PositionX>26.9</PositionX>
    <PositionY>1.445</PositionY>
    <PositionZ>26.3</PositionZ>
    <ScaleX>7.799999</ScaleX>
    <ScaleY>2.573039</ScaleY>
    <ScaleZ>0.1</ScaleZ>
    <RotateX>0</RotateX>
    <RotateY>0</RotateY>
    <RotateZ>0</RotateZ>
  </Wall>
  <Wall>
    <Name>30</Name>
    <RoomName>Mobility1</RoomName>
    <PositionX>23</PositionX>
    <PositionY>1.445</PositionY>
    <PositionZ>26.7</PositionZ>
    <ScaleX>0.8000011</ScaleX>
    <ScaleY>2.573039</ScaleY>
    <ScaleZ>0.1</ScaleZ>
    <RotateX>0</RotateX>
    <RotateY>90</RotateY>
    <RotateZ>0</RotateZ>
  </Wall>
  <Wall>
    <Name>31</Name>
    <RoomName>Mobility1</RoomName>
    <PositionX>18.25</PositionX>
    <PositionY>1.445</PositionY>
    <PositionZ>27.1</PositionZ>
    <ScaleX>9.5</ScaleX>
    <ScaleY>2.573039</ScaleY>
    <ScaleZ>0.1</ScaleZ>
    <RotateX>0</RotateX>
    <RotateY>0</RotateY>
    <RotateZ>0</RotateZ>
  </Wall>
  <Wall>
    <Name>32</Name>
    <RoomName>Mobility1</RoomName>
    <PositionX>13.5</PositionX>
    <PositionY>1.445</PositionY>
    <PositionZ>26.7</PositionZ>
    <ScaleX>0.8000011</ScaleX>
    <ScaleY>2.573039</ScaleY>
    <ScaleZ>0.1</ScaleZ>
    <RotateX>0</RotateX>
    <RotateY>90</RotateY>
    <RotateZ>0</RotateZ>
  </Wall>
  <Wall>
    <Name>33</Name>
    <RoomName>Mobility1</RoomName>
    <PositionX>14.45</PositionX>
    <PositionY>1.445</PositionY>
    <PositionZ>26.3</PositionZ>
    <ScaleX>1.9</ScaleX>
    <ScaleY>2.573039</ScaleY>
    <ScaleZ>0.1</ScaleZ>
    <RotateX>0</RotateX>
    <RotateY>0</RotateY>
    <RotateZ>0</RotateZ>
  </Wall>
  <Wall>
    <Name>34</Name>
    <RoomName>Mobility1</RoomName>
    <PositionX>14.5</PositionX>
    <PositionY>1.445</PositionY>
    <PositionZ>25.45</PositionZ>
    <ScaleX>1.699999</ScaleX>
    <ScaleY>2.573039</ScaleY>
    <ScaleZ>0.1</ScaleZ>
    <RotateX>0</RotateX>
    <RotateY>90</RotateY>
    <RotateZ>0</RotateZ>
  </Wall>
  <Wall>
    <Name>35</Name>
    <RoomName>Mobility1</RoomName>
    <PositionX>14.45</PositionX>
    <PositionY>1.445</PositionY>
    <PositionZ>24.6</PositionZ>
    <ScaleX>1.9</ScaleX>
    <ScaleY>2.573039</ScaleY>
    <ScaleZ>0.1</ScaleZ>
    <RotateX>0</RotateX>
    <RotateY>0</RotateY>
    <RotateZ>0</RotateZ>
  </Wall>
  <Wall>
    <Name>36</Name>
    <RoomName>Mobility1</RoomName>
    <PositionX>13.5</PositionX>
    <PositionY>1.445</PositionY>
    <PositionZ>20.45</PositionZ>
    <ScaleX>8.300001</ScaleX>
    <ScaleY>2.573039</ScaleY>
    <ScaleZ>0.1</ScaleZ>
    <RotateX>0</RotateX>
    <RotateY>90</RotateY>
    <RotateZ>0</RotateZ>
  </Wall>
  <Wall>
    <Name>37</Name>
    <RoomName>Mobility1</RoomName>
    <PositionX>20</PositionX>
    <PositionY>1.445</PositionY>
    <PositionZ>16.3</PositionZ>
    <ScaleX>13</ScaleX>
    <ScaleY>2.573039</ScaleY>
    <ScaleZ>0.1</ScaleZ>
    <RotateX>0</RotateX>
    <RotateY>0</RotateY>
    <RotateZ>0</RotateZ>
  </Wall>
  <Wall>
    <Name>38</Name>
    <RoomName>Sound Booth</RoomName>
    <PositionX>28.65</PositionX>
    <PositionY>1.445</PositionY>
    <PositionZ>13.7</PositionZ>
    <ScaleX>4.299999</ScaleX>
    <ScaleY>2.573039</ScaleY>
    <ScaleZ>0.1</ScaleZ>
    <RotateX>0</RotateX>
    <RotateY>0</RotateY>
    <RotateZ>0</RotateZ>
  </Wall>
  <Wall>
    <Name>39</Name>
    <RoomName>Sound Booth</RoomName>
    <PositionX>30.8</PositionX>
    <PositionY>1.445</PositionY>
    <PositionZ>20</PositionZ>
    <ScaleX>12.6</ScaleX>
    <ScaleY>2.573039</ScaleY>
    <ScaleZ>0.1</ScaleZ>
    <RotateX>0</RotateX>
    <RotateY>90</RotateY>
    <RotateZ>0</RotateZ>
  </Wall>
  <Wall>
    <Name>40</Name>
    <RoomName>Sound Booth</RoomName>
    <PositionX>28.65</PositionX>
    <PositionY>1.445</PositionY>
    <PositionZ>18.1</PositionZ>
    <ScaleX>4.299999</ScaleX>
    <ScaleY>2.573039</ScaleY>
    <ScaleZ>0.1</ScaleZ>
    <RotateX>0</RotateX>
    <RotateY>0</RotateY>
    <RotateZ>0</RotateZ>
  </Wall>
  <Wall>
    <Name>41</Name>
    <RoomName>Sound Booth</RoomName>
    <PositionX>26.5</PositionX>
    <PositionY>1.445</PositionY>
    <PositionZ>20.45</PositionZ>
    <ScaleX>11.7</ScaleX>
    <ScaleY>2.573039</ScaleY>
    <ScaleZ>0.1</ScaleZ>
    <RotateX>0</RotateX>
    <RotateY>90</RotateY>
    <RotateZ>0</RotateZ>
  </Wall>
</Walls>