﻿<Walls>
  <Wall>
    <Name>1</Name>
    <RoomName>Room001</RoomName>
    <PositionX>13</PositionX>
    <PositionY>20</PositionY>
    <PositionZ>90.5</PositionZ>
    <ScaleX>147</ScaleX>
    <ScaleY>40</ScaleY>
    <ScaleZ>2</ScaleZ>
    <RotateX>0</RotateX>
    <RotateY>90</RotateY>
    <RotateZ>0</RotateZ>
  </Wall>
  <Wall>
    <Name>2</Name>
    <RoomName>Room001</RoomName>
    <PositionX>183</PositionX>
    <PositionY>20</PositionY>
    <PositionZ>164</PositionZ>
    <ScaleX>340</ScaleX>
    <ScaleY>40</ScaleY>
    <ScaleZ>2</ScaleZ>
    <RotateX>0</RotateX>
    <RotateY>0</RotateY>
    <RotateZ>0</RotateZ>
  </Wall>
  <Wall>
    <Name>3</Name>
    <RoomName>Room001</RoomName>
    <PositionX>353</PositionX>
    <PositionY>20</PositionY>
    <PositionZ>130</PositionZ>
    <ScaleX>68</ScaleX>
    <ScaleY>40</ScaleY>
    <ScaleZ>2</ScaleZ>
    <RotateX>0</RotateX>
    <RotateY>90</RotateY>
    <RotateZ>0</RotateZ>
  </Wall>
  <Wall>
    <Name>4</Name>
    <RoomName>Room001</RoomName>
    <PositionX>395</PositionX>
    <PositionY>20</PositionY>
    <PositionZ>96</PositionZ>
    <ScaleX>84</ScaleX>
    <ScaleY>40</ScaleY>
    <ScaleZ>2</ScaleZ>
    <RotateX>0</RotateX>
    <RotateY>0</RotateY>
    <RotateZ>0</RotateZ>
  </Wall>
  <Wall>
    <Name>5</Name>
    <RoomName>Room001</RoomName>
    <PositionX>437</PositionX>
    <PositionY>20</PositionY>
    <PositionZ>56.5</PositionZ>
    <ScaleX>79</ScaleX>
    <ScaleY>40</ScaleY>
    <ScaleZ>2</ScaleZ>
    <RotateX>0</RotateX>
    <RotateY>90</RotateY>
    <RotateZ>0</RotateZ>
  </Wall>
  <Wall>
    <Name>6</Name>
    <RoomName>Room001</RoomName>
    <PositionX>225</PositionX>
    <PositionY>20</PositionY>
    <PositionZ>17</PositionZ>
    <ScaleX>424</ScaleX>
    <ScaleY>40</ScaleY>
    <ScaleZ>2</ScaleZ>
    <RotateX>0</RotateX>
    <RotateY>0</RotateY>
    <RotateZ>0</RotateZ>
  </Wall>
  <Wall>
    <Name>7</Name>
    <RoomName>Room017</RoomName>
    <PositionX>249</PositionX>
    <PositionY>20</PositionY>
    <PositionZ>226</PositionZ>
    <ScaleX>48</ScaleX>
    <ScaleY>40</ScaleY>
    <ScaleZ>2</ScaleZ>
    <RotateX>0</RotateX>
    <RotateY>90</RotateY>
    <RotateZ>0</RotateZ>
  </Wall>
  <Wall>
    <Name>8</Name>
    <RoomName>Room017</RoomName>
    <PositionX>131</PositionX>
    <PositionY>20</PositionY>
    <PositionZ>250</PositionZ>
    <ScaleX>236</ScaleX>
    <ScaleY>40</ScaleY>
    <ScaleZ>2</ScaleZ>
    <RotateX>0</RotateX>
    <RotateY>0</RotateY>
    <RotateZ>0</RotateZ>
  </Wall>
  <Wall>
    <Name>9</Name>
    <RoomName>Room017</RoomName>
    <PositionX>13</PositionX>
    <PositionY>20</PositionY>
    <PositionZ>226</PositionZ>
    <ScaleX>48</ScaleX>
    <ScaleY>40</ScaleY>
    <ScaleZ>2</ScaleZ>
    <RotateX>0</RotateX>
    <RotateY>90</RotateY>
    <RotateZ>0</RotateZ>
  </Wall>
  <Wall>
    <Name>10</Name>
    <RoomName>Room017</RoomName>
    <PositionX>131</PositionX>
    <PositionY>20</PositionY>
    <PositionZ>202</PositionZ>
    <ScaleX>236</ScaleX>
    <ScaleY>40</ScaleY>
    <ScaleZ>2</ScaleZ>
    <RotateX>0</RotateX>
    <RotateY>0</RotateY>
    <RotateZ>0</RotateZ>
  </Wall>
  <Wall>
    <Name>11</Name>
    <RoomName>Room002</RoomName>
    <PositionX>523</PositionX>
    <PositionY>20</PositionY>
    <PositionZ>57</PositionZ>
    <ScaleX>80</ScaleX>
    <ScaleY>40</ScaleY>
    <ScaleZ>2</ScaleZ>
    <RotateX>0</RotateX>
    <RotateY>90</RotateY>
    <RotateZ>0</RotateZ>
  </Wall>
  <Wall>
    <Name>12</Name>
    <RoomName>Room002</RoomName>
    <PositionX>480</PositionX>
    <PositionY>20</PositionY>
    <PositionZ>96.5</PositionZ>
    <ScaleX>86.00581</ScaleX>
    <ScaleY>40</ScaleY>
    <ScaleZ>2</ScaleZ>
    <RotateX>0</RotateX>
    <RotateY>359.3338</RotateY>
    <RotateZ>0</RotateZ>
  </Wall>
  <Wall>
    <Name>13</Name>
    <RoomName>Room002</RoomName>
    <PositionX>437</PositionX>
    <PositionY>20</PositionY>
    <PositionZ>56.5</PositionZ>
    <ScaleX>79</ScaleX>
    <ScaleY>40</ScaleY>
    <ScaleZ>2</ScaleZ>
    <RotateX>0</RotateX>
    <RotateY>90</RotateY>
    <RotateZ>0</RotateZ>
  </Wall>
  <Wall>
    <Name>14</Name>
    <RoomName>Room002</RoomName>
    <PositionX>480</PositionX>
    <PositionY>20</PositionY>
    <PositionZ>17</PositionZ>
    <ScaleX>86</ScaleX>
    <ScaleY>40</ScaleY>
    <ScaleZ>2</ScaleZ>
    <RotateX>0</RotateX>
    <RotateY>0</RotateY>
    <RotateZ>0</RotateZ>
  </Wall>
  <Wall>
    <Name>15</Name>
    <RoomName>Room018</RoomName>
    <PositionX>13</PositionX>
    <PositionY>20</PositionY>
    <PositionZ>283.5</PositionZ>
    <ScaleX>67</ScaleX>
    <ScaleY>40</ScaleY>
    <ScaleZ>2</ScaleZ>
    <RotateX>0</RotateX>
    <RotateY>90</RotateY>
    <RotateZ>0</RotateZ>
  </Wall>
  <Wall>
    <Name>16</Name>
    <RoomName>Room018</RoomName>
    <PositionX>65</PositionX>
    <PositionY>20</PositionY>
    <PositionZ>317</PositionZ>
    <ScaleX>104</ScaleX>
    <ScaleY>40</ScaleY>
    <ScaleZ>2</ScaleZ>
    <RotateX>0</RotateX>
    <RotateY>0</RotateY>
    <RotateZ>0</RotateZ>
  </Wall>
  <Wall>
    <Name>17</Name>
    <RoomName>Room018</RoomName>
    <PositionX>117</PositionX>
    <PositionY>20</PositionY>
    <PositionZ>283.5</PositionZ>
    <ScaleX>67</ScaleX>
    <ScaleY>40</ScaleY>
    <ScaleZ>2</ScaleZ>
    <RotateX>0</RotateX>
    <RotateY>90</RotateY>
    <RotateZ>0</RotateZ>
  </Wall>
  <Wall>
    <Name>18</Name>
    <RoomName>Room018</RoomName>
    <PositionX>65</PositionX>
    <PositionY>20</PositionY>
    <PositionZ>250</PositionZ>
    <ScaleX>104</ScaleX>
    <ScaleY>40</ScaleY>
    <ScaleZ>2</ScaleZ>
    <RotateX>0</RotateX>
    <RotateY>0</RotateY>
    <RotateZ>0</RotateZ>
  </Wall>
  <Wall>
    <Name>19</Name>
    <RoomName>Room019</RoomName>
    <PositionX>117</PositionX>
    <PositionY>20</PositionY>
    <PositionZ>269.5</PositionZ>
    <ScaleX>39</ScaleX>
    <ScaleY>40</ScaleY>
    <ScaleZ>2</ScaleZ>
    <RotateX>0</RotateX>
    <RotateY>90</RotateY>
    <RotateZ>0</RotateZ>
  </Wall>
  <Wall>
    <Name>20</Name>
    <RoomName>Room019</RoomName>
    <PositionX>149</PositionX>
    <PositionY>20</PositionY>
    <PositionZ>289</PositionZ>
    <ScaleX>64</ScaleX>
    <ScaleY>40</ScaleY>
    <ScaleZ>2</ScaleZ>
    <RotateX>0</RotateX>
    <RotateY>0</RotateY>
    <RotateZ>0</RotateZ>
  </Wall>
  <Wall>
    <Name>21</Name>
    <RoomName>Room019</RoomName>
    <PositionX>181</PositionX>
    <PositionY>20</PositionY>
    <PositionZ>269.5</PositionZ>
    <ScaleX>39</ScaleX>
    <ScaleY>40</ScaleY>
    <ScaleZ>2</ScaleZ>
    <RotateX>0</RotateX>
    <RotateY>90</RotateY>
    <RotateZ>0</RotateZ>
  </Wall>
  <Wall>
    <Name>22</Name>
    <RoomName>Room019</RoomName>
    <PositionX>149</PositionX>
    <PositionY>20</PositionY>
    <PositionZ>250</PositionZ>
    <ScaleX>64</ScaleX>
    <ScaleY>40</ScaleY>
    <ScaleZ>2</ScaleZ>
    <RotateX>0</RotateX>
    <RotateY>0</RotateY>
    <RotateZ>0</RotateZ>
  </Wall>
  <Wall>
    <Name>23</Name>
    <RoomName>Room020</RoomName>
    <PositionX>215</PositionX>
    <PositionY>20</PositionY>
    <PositionZ>250</PositionZ>
    <ScaleX>68</ScaleX>
    <ScaleY>40</ScaleY>
    <ScaleZ>2</ScaleZ>
    <RotateX>0</RotateX>
    <RotateY>0</RotateY>
    <RotateZ>0</RotateZ>
  </Wall>
  <Wall>
    <Name>24</Name>
    <RoomName>Room020</RoomName>
    <PositionX>249</PositionX>
    <PositionY>20</PositionY>
    <PositionZ>259.5</PositionZ>
    <ScaleX>19</ScaleX>
    <ScaleY>40</ScaleY>
    <ScaleZ>2</ScaleZ>
    <RotateX>0</RotateX>
    <RotateY>90</RotateY>
    <RotateZ>0</RotateZ>
  </Wall>
  <Wall>
    <Name>25</Name>
    <RoomName>Room020</RoomName>
    <PositionX>215</PositionX>
    <PositionY>20</PositionY>
    <PositionZ>269</PositionZ>
    <ScaleX>68</ScaleX>
    <ScaleY>40</ScaleY>
    <ScaleZ>2</ScaleZ>
    <RotateX>0</RotateX>
    <RotateY>0</RotateY>
    <RotateZ>0</RotateZ>
  </Wall>
  <Wall>
    <Name>26</Name>
    <RoomName>Room020</RoomName>
    <PositionX>181</PositionX>
    <PositionY>20</PositionY>
    <PositionZ>259.5</PositionZ>
    <ScaleX>19</ScaleX>
    <ScaleY>40</ScaleY>
    <ScaleZ>2</ScaleZ>
    <RotateX>0</RotateX>
    <RotateY>90</RotateY>
    <RotateZ>0</RotateZ>
  </Wall>
  <Wall>
    <Name>27</Name>
    <RoomName>Room008</RoomName>
    <PositionX>520</PositionX>
    <PositionY>20</PositionY>
    <PositionZ>347</PositionZ>
    <ScaleX>42</ScaleX>
    <ScaleY>40</ScaleY>
    <ScaleZ>2</ScaleZ>
    <RotateX>0</RotateX>
    <RotateY>90</RotateY>
    <RotateZ>0</RotateZ>
  </Wall>
  <Wall>
    <Name>28</Name>
    <RoomName>Room008</RoomName>
    <PositionX>557</PositionX>
    <PositionY>20</PositionY>
    <PositionZ>368</PositionZ>
    <ScaleX>74</ScaleX>
    <ScaleY>40</ScaleY>
    <ScaleZ>2</ScaleZ>
    <RotateX>0</RotateX>
    <RotateY>0</RotateY>
    <RotateZ>0</RotateZ>
  </Wall>
  <Wall>
    <Name>29</Name>
    <RoomName>Room008</RoomName>
    <PositionX>594</PositionX>
    <PositionY>20</PositionY>
    <PositionZ>347</PositionZ>
    <ScaleX>42</ScaleX>
    <ScaleY>40</ScaleY>
    <ScaleZ>2</ScaleZ>
    <RotateX>0</RotateX>
    <RotateY>90</RotateY>
    <RotateZ>0</RotateZ>
  </Wall>
  <Wall>
    <Name>30</Name>
    <RoomName>Room008</RoomName>
    <PositionX>557</PositionX>
    <PositionY>20</PositionY>
    <PositionZ>326</PositionZ>
    <ScaleX>74</ScaleX>
    <ScaleY>40</ScaleY>
    <ScaleZ>2</ScaleZ>
    <RotateX>0</RotateX>
    <RotateY>0</RotateY>
    <RotateZ>0</RotateZ>
  </Wall>
  <Wall>
    <Name>31</Name>
    <RoomName>Room007</RoomName>
    <PositionX>324</PositionX>
    <PositionY>20</PositionY>
    <PositionZ>347</PositionZ>
    <ScaleX>42</ScaleX>
    <ScaleY>40</ScaleY>
    <ScaleZ>2</ScaleZ>
    <RotateX>0</RotateX>
    <RotateY>90</RotateY>
    <RotateZ>0</RotateZ>
  </Wall>
  <Wall>
    <Name>32</Name>
    <RoomName>Room007</RoomName>
    <PositionX>422</PositionX>
    <PositionY>20</PositionY>
    <PositionZ>368</PositionZ>
    <ScaleX>196</ScaleX>
    <ScaleY>40</ScaleY>
    <ScaleZ>2</ScaleZ>
    <RotateX>0</RotateX>
    <RotateY>0</RotateY>
    <RotateZ>0</RotateZ>
  </Wall>
  <Wall>
    <Name>33</Name>
    <RoomName>Room007</RoomName>
    <PositionX>520</PositionX>
    <PositionY>20</PositionY>
    <PositionZ>347</PositionZ>
    <ScaleX>42</ScaleX>
    <ScaleY>40</ScaleY>
    <ScaleZ>2</ScaleZ>
    <RotateX>0</RotateX>
    <RotateY>90</RotateY>
    <RotateZ>0</RotateZ>
  </Wall>
  <Wall>
    <Name>34</Name>
    <RoomName>Room007</RoomName>
    <PositionX>422</PositionX>
    <PositionY>20</PositionY>
    <PositionZ>326</PositionZ>
    <ScaleX>196</ScaleX>
    <ScaleY>40</ScaleY>
    <ScaleZ>2</ScaleZ>
    <RotateX>0</RotateX>
    <RotateY>0</RotateY>
    <RotateZ>0</RotateZ>
  </Wall>
  <Wall>
    <Name>35</Name>
    <RoomName>Room021</RoomName>
    <PositionX>13</PositionX>
    <PositionY>20</PositionY>
    <PositionZ>357</PositionZ>
    <ScaleX>80</ScaleX>
    <ScaleY>40</ScaleY>
    <ScaleZ>2</ScaleZ>
    <RotateX>0</RotateX>
    <RotateY>90</RotateY>
    <RotateZ>0</RotateZ>
  </Wall>
  <Wall>
    <Name>36</Name>
    <RoomName>Room021</RoomName>
    <PositionX>131</PositionX>
    <PositionY>20</PositionY>
    <PositionZ>397</PositionZ>
    <ScaleX>236</ScaleX>
    <ScaleY>40</ScaleY>
    <ScaleZ>2</ScaleZ>
    <RotateX>0</RotateX>
    <RotateY>0</RotateY>
    <RotateZ>0</RotateZ>
  </Wall>
  <Wall>
    <Name>37</Name>
    <RoomName>Room021</RoomName>
    <PositionX>249</PositionX>
    <PositionY>20</PositionY>
    <PositionZ>333</PositionZ>
    <ScaleX>128</ScaleX>
    <ScaleY>40</ScaleY>
    <ScaleZ>2</ScaleZ>
    <RotateX>0</RotateX>
    <RotateY>90</RotateY>
    <RotateZ>0</RotateZ>
  </Wall>
  <Wall>
    <Name>38</Name>
    <RoomName>Room021</RoomName>
    <PositionX>215</PositionX>
    <PositionY>20</PositionY>
    <PositionZ>269</PositionZ>
    <ScaleX>68</ScaleX>
    <ScaleY>40</ScaleY>
    <ScaleZ>2</ScaleZ>
    <RotateX>0</RotateX>
    <RotateY>0</RotateY>
    <RotateZ>0</RotateZ>
  </Wall>
  <Wall>
    <Name>39</Name>
    <RoomName>Room021</RoomName>
    <PositionX>181</PositionX>
    <PositionY>20</PositionY>
    <PositionZ>279</PositionZ>
    <ScaleX>20</ScaleX>
    <ScaleY>40</ScaleY>
    <ScaleZ>2</ScaleZ>
    <RotateX>0</RotateX>
    <RotateY>90</RotateY>
    <RotateZ>0</RotateZ>
  </Wall>
  <Wall>
    <Name>40</Name>
    <RoomName>Room021</RoomName>
    <PositionX>149</PositionX>
    <PositionY>20</PositionY>
    <PositionZ>289</PositionZ>
    <ScaleX>64</ScaleX>
    <ScaleY>40</ScaleY>
    <ScaleZ>2</ScaleZ>
    <RotateX>0</RotateX>
    <RotateY>0</RotateY>
    <RotateZ>0</RotateZ>
  </Wall>
  <Wall>
    <Name>41</Name>
    <RoomName>Room021</RoomName>
    <PositionX>117</PositionX>
    <PositionY>20</PositionY>
    <PositionZ>303</PositionZ>
    <ScaleX>28</ScaleX>
    <ScaleY>40</ScaleY>
    <ScaleZ>2</ScaleZ>
    <RotateX>0</RotateX>
    <RotateY>90</RotateY>
    <RotateZ>0</RotateZ>
  </Wall>
  <Wall>
    <Name>42</Name>
    <RoomName>Room021</RoomName>
    <PositionX>65</PositionX>
    <PositionY>20</PositionY>
    <PositionZ>317</PositionZ>
    <ScaleX>104</ScaleX>
    <ScaleY>40</ScaleY>
    <ScaleZ>2</ScaleZ>
    <RotateX>0</RotateX>
    <RotateY>0</RotateY>
    <RotateZ>0</RotateZ>
  </Wall>
  <Wall>
    <Name>43</Name>
    <RoomName>Room023</RoomName>
    <PositionX>182</PositionX>
    <PositionY>20</PositionY>
    <PositionZ>423.5</PositionZ>
    <ScaleX>53</ScaleX>
    <ScaleY>40</ScaleY>
    <ScaleZ>2</ScaleZ>
    <RotateX>0</RotateX>
    <RotateY>90</RotateY>
    <RotateZ>0</RotateZ>
  </Wall>
  <Wall>
    <Name>44</Name>
    <RoomName>Room023</RoomName>
    <PositionX>215.5</PositionX>
    <PositionY>20</PositionY>
    <PositionZ>450</PositionZ>
    <ScaleX>67</ScaleX>
    <ScaleY>40</ScaleY>
    <ScaleZ>2</ScaleZ>
    <RotateX>0</RotateX>
    <RotateY>0</RotateY>
    <RotateZ>0</RotateZ>
  </Wall>
  <Wall>
    <Name>45</Name>
    <RoomName>Room023</RoomName>
    <PositionX>249</PositionX>
    <PositionY>20</PositionY>
    <PositionZ>423.5</PositionZ>
    <ScaleX>53</ScaleX>
    <ScaleY>40</ScaleY>
    <ScaleZ>2</ScaleZ>
    <RotateX>0</RotateX>
    <RotateY>90</RotateY>
    <RotateZ>0</RotateZ>
  </Wall>
  <Wall>
    <Name>46</Name>
    <RoomName>Room023</RoomName>
    <PositionX>215.5</PositionX>
    <PositionY>20</PositionY>
    <PositionZ>397</PositionZ>
    <ScaleX>67</ScaleX>
    <ScaleY>40</ScaleY>
    <ScaleZ>2</ScaleZ>
    <RotateX>0</RotateX>
    <RotateY>0</RotateY>
    <RotateZ>0</RotateZ>
  </Wall>
  <Wall>
    <Name>47</Name>
    <RoomName>Room022</RoomName>
    <PositionX>13</PositionX>
    <PositionY>20</PositionY>
    <PositionZ>423.5</PositionZ>
    <ScaleX>53</ScaleX>
    <ScaleY>40</ScaleY>
    <ScaleZ>2</ScaleZ>
    <RotateX>0</RotateX>
    <RotateY>90</RotateY>
    <RotateZ>0</RotateZ>
  </Wall>
  <Wall>
    <Name>48</Name>
    <RoomName>Room022</RoomName>
    <PositionX>97.5</PositionX>
    <PositionY>20</PositionY>
    <PositionZ>450</PositionZ>
    <ScaleX>169</ScaleX>
    <ScaleY>40</ScaleY>
    <ScaleZ>2</ScaleZ>
    <RotateX>0</RotateX>
    <RotateY>0</RotateY>
    <RotateZ>0</RotateZ>
  </Wall>
  <Wall>
    <Name>49</Name>
    <RoomName>Room022</RoomName>
    <PositionX>182</PositionX>
    <PositionY>20</PositionY>
    <PositionZ>423.5</PositionZ>
    <ScaleX>53</ScaleX>
    <ScaleY>40</ScaleY>
    <ScaleZ>2</ScaleZ>
    <RotateX>0</RotateX>
    <RotateY>90</RotateY>
    <RotateZ>0</RotateZ>
  </Wall>
  <Wall>
    <Name>50</Name>
    <RoomName>Room022</RoomName>
    <PositionX>97.5</PositionX>
    <PositionY>20</PositionY>
    <PositionZ>397</PositionZ>
    <ScaleX>169</ScaleX>
    <ScaleY>40</ScaleY>
    <ScaleZ>2</ScaleZ>
    <RotateX>0</RotateX>
    <RotateY>0</RotateY>
    <RotateZ>0</RotateZ>
  </Wall>
  <Wall>
    <Name>51</Name>
    <RoomName>Room024</RoomName>
    <PositionX>13</PositionX>
    <PositionY>20</PositionY>
    <PositionZ>528.5</PositionZ>
    <ScaleX>157</ScaleX>
    <ScaleY>40</ScaleY>
    <ScaleZ>2</ScaleZ>
    <RotateX>0</RotateX>
    <RotateY>90</RotateY>
    <RotateZ>0</RotateZ>
  </Wall>
  <Wall>
    <Name>52</Name>
    <RoomName>Room024</RoomName>
    <PositionX>67.5</PositionX>
    <PositionY>20</PositionY>
    <PositionZ>607</PositionZ>
    <ScaleX>109</ScaleX>
    <ScaleY>40</ScaleY>
    <ScaleZ>2</ScaleZ>
    <RotateX>0</RotateX>
    <RotateY>0</RotateY>
    <RotateZ>0</RotateZ>
  </Wall>
  <Wall>
    <Name>53</Name>
    <RoomName>Room024</RoomName>
    <PositionX>122</PositionX>
    <PositionY>20</PositionY>
    <PositionZ>528.5</PositionZ>
    <ScaleX>157</ScaleX>
    <ScaleY>40</ScaleY>
    <ScaleZ>2</ScaleZ>
    <RotateX>0</RotateX>
    <RotateY>90</RotateY>
    <RotateZ>0</RotateZ>
  </Wall>
  <Wall>
    <Name>54</Name>
    <RoomName>Room024</RoomName>
    <PositionX>67.5</PositionX>
    <PositionY>20</PositionY>
    <PositionZ>450</PositionZ>
    <ScaleX>109</ScaleX>
    <ScaleY>40</ScaleY>
    <ScaleZ>2</ScaleZ>
    <RotateX>0</RotateX>
    <RotateY>0</RotateY>
    <RotateZ>0</RotateZ>
  </Wall>
  <Wall>
    <Name>55</Name>
    <RoomName>Room025</RoomName>
    <PositionX>185.5</PositionX>
    <PositionY>20</PositionY>
    <PositionZ>450</PositionZ>
    <ScaleX>127</ScaleX>
    <ScaleY>40</ScaleY>
    <ScaleZ>2</ScaleZ>
    <RotateX>0</RotateX>
    <RotateY>0</RotateY>
    <RotateZ>0</RotateZ>
  </Wall>
  <Wall>
    <Name>56</Name>
    <RoomName>Room025</RoomName>
    <PositionX>249</PositionX>
    <PositionY>20</PositionY>
    <PositionZ>528.5</PositionZ>
    <ScaleX>157</ScaleX>
    <ScaleY>40</ScaleY>
    <ScaleZ>2</ScaleZ>
    <RotateX>0</RotateX>
    <RotateY>90</RotateY>
    <RotateZ>0</RotateZ>
  </Wall>
  <Wall>
    <Name>57</Name>
    <RoomName>Room025</RoomName>
    <PositionX>185.5</PositionX>
    <PositionY>20</PositionY>
    <PositionZ>607</PositionZ>
    <ScaleX>127</ScaleX>
    <ScaleY>40</ScaleY>
    <ScaleZ>2</ScaleZ>
    <RotateX>0</RotateX>
    <RotateY>0</RotateY>
    <RotateZ>0</RotateZ>
  </Wall>
  <Wall>
    <Name>58</Name>
    <RoomName>Room025</RoomName>
    <PositionX>122</PositionX>
    <PositionY>20</PositionY>
    <PositionZ>528.5</PositionZ>
    <ScaleX>157</ScaleX>
    <ScaleY>40</ScaleY>
    <ScaleZ>2</ScaleZ>
    <RotateX>0</RotateX>
    <RotateY>90</RotateY>
    <RotateZ>0</RotateZ>
  </Wall>
  <Wall>
    <Name>59</Name>
    <RoomName>Room010</RoomName>
    <PositionX>332</PositionX>
    <PositionY>20</PositionY>
    <PositionZ>368</PositionZ>
    <ScaleX>50</ScaleX>
    <ScaleY>40</ScaleY>
    <ScaleZ>2</ScaleZ>
    <RotateX>0</RotateX>
    <RotateY>0</RotateY>
    <RotateZ>0</RotateZ>
  </Wall>
  <Wall>
    <Name>60</Name>
    <RoomName>Room010</RoomName>
    <PositionX>357</PositionX>
    <PositionY>20</PositionY>
    <PositionZ>457.5</PositionZ>
    <ScaleX>179</ScaleX>
    <ScaleY>40</ScaleY>
    <ScaleZ>2</ScaleZ>
    <RotateX>0</RotateX>
    <RotateY>90</RotateY>
    <RotateZ>0</RotateZ>
  </Wall>
  <Wall>
    <Name>61</Name>
    <RoomName>Room010</RoomName>
    <PositionX>332</PositionX>
    <PositionY>20</PositionY>
    <PositionZ>547</PositionZ>
    <ScaleX>50</ScaleX>
    <ScaleY>40</ScaleY>
    <ScaleZ>2</ScaleZ>
    <RotateX>0</RotateX>
    <RotateY>0</RotateY>
    <RotateZ>0</RotateZ>
  </Wall>
  <Wall>
    <Name>62</Name>
    <RoomName>Room010</RoomName>
    <PositionX>307</PositionX>
    <PositionY>20</PositionY>
    <PositionZ>457.5</PositionZ>
    <ScaleX>179</ScaleX>
    <ScaleY>40</ScaleY>
    <ScaleZ>2</ScaleZ>
    <RotateX>0</RotateX>
    <RotateY>90</RotateY>
    <RotateZ>0</RotateZ>
  </Wall>
  <Wall>
    <Name>63</Name>
    <RoomName>Room011</RoomName>
    <PositionX>594</PositionX>
    <PositionY>20</PositionY>
    <PositionZ>361.5</PositionZ>
    <ScaleX>87</ScaleX>
    <ScaleY>40</ScaleY>
    <ScaleZ>2</ScaleZ>
    <RotateX>0</RotateX>
    <RotateY>90</RotateY>
    <RotateZ>0</RotateZ>
  </Wall>
  <Wall>
    <Name>64</Name>
    <RoomName>Room011</RoomName>
    <PositionX>642</PositionX>
    <PositionY>20</PositionY>
    <PositionZ>405</PositionZ>
    <ScaleX>96</ScaleX>
    <ScaleY>40</ScaleY>
    <ScaleZ>2</ScaleZ>
    <RotateX>0</RotateX>
    <RotateY>0</RotateY>
    <RotateZ>0</RotateZ>
  </Wall>
  <Wall>
    <Name>65</Name>
    <RoomName>Room011</RoomName>
    <PositionX>690</PositionX>
    <PositionY>20</PositionY>
    <PositionZ>361.5</PositionZ>
    <ScaleX>87</ScaleX>
    <ScaleY>40</ScaleY>
    <ScaleZ>2</ScaleZ>
    <RotateX>0</RotateX>
    <RotateY>90</RotateY>
    <RotateZ>0</RotateZ>
  </Wall>
  <Wall>
    <Name>66</Name>
    <RoomName>Room011</RoomName>
    <PositionX>642</PositionX>
    <PositionY>20</PositionY>
    <PositionZ>318</PositionZ>
    <ScaleX>96</ScaleX>
    <ScaleY>40</ScaleY>
    <ScaleZ>2</ScaleZ>
    <RotateX>0</RotateX>
    <RotateY>0</RotateY>
    <RotateZ>0</RotateZ>
  </Wall>
  <Wall>
    <Name>67</Name>
    <RoomName>Room012</RoomName>
    <PositionX>594</PositionX>
    <PositionY>20</PositionY>
    <PositionZ>495</PositionZ>
    <ScaleX>180</ScaleX>
    <ScaleY>40</ScaleY>
    <ScaleZ>2</ScaleZ>
    <RotateX>0</RotateX>
    <RotateY>90</RotateY>
    <RotateZ>0</RotateZ>
  </Wall>
  <Wall>
    <Name>68</Name>
    <RoomName>Room012</RoomName>
    <PositionX>642</PositionX>
    <PositionY>20</PositionY>
    <PositionZ>585</PositionZ>
    <ScaleX>96</ScaleX>
    <ScaleY>40</ScaleY>
    <ScaleZ>2</ScaleZ>
    <RotateX>0</RotateX>
    <RotateY>0</RotateY>
    <RotateZ>0</RotateZ>
  </Wall>
  <Wall>
    <Name>69</Name>
    <RoomName>Room012</RoomName>
    <PositionX>690</PositionX>
    <PositionY>20</PositionY>
    <PositionZ>495</PositionZ>
    <ScaleX>180</ScaleX>
    <ScaleY>40</ScaleY>
    <ScaleZ>2</ScaleZ>
    <RotateX>0</RotateX>
    <RotateY>90</RotateY>
    <RotateZ>0</RotateZ>
  </Wall>
  <Wall>
    <Name>70</Name>
    <RoomName>Room012</RoomName>
    <PositionX>642</PositionX>
    <PositionY>20</PositionY>
    <PositionZ>405</PositionZ>
    <ScaleX>96</ScaleX>
    <ScaleY>40</ScaleY>
    <ScaleZ>2</ScaleZ>
    <RotateX>0</RotateX>
    <RotateY>0</RotateY>
    <RotateZ>0</RotateZ>
  </Wall>
  <Wall>
    <Name>71</Name>
    <RoomName>Room013</RoomName>
    <PositionX>302</PositionX>
    <PositionY>20</PositionY>
    <PositionZ>741</PositionZ>
    <ScaleX>144</ScaleX>
    <ScaleY>40</ScaleY>
    <ScaleZ>2</ScaleZ>
    <RotateX>0</RotateX>
    <RotateY>90</RotateY>
    <RotateZ>0</RotateZ>
  </Wall>
  <Wall>
    <Name>72</Name>
    <RoomName>Room013</RoomName>
    <PositionX>339</PositionX>
    <PositionY>20</PositionY>
    <PositionZ>813</PositionZ>
    <ScaleX>74</ScaleX>
    <ScaleY>40</ScaleY>
    <ScaleZ>2</ScaleZ>
    <RotateX>0</RotateX>
    <RotateY>0</RotateY>
    <RotateZ>0</RotateZ>
  </Wall>
  <Wall>
    <Name>73</Name>
    <RoomName>Room013</RoomName>
    <PositionX>376</PositionX>
    <PositionY>20</PositionY>
    <PositionZ>741</PositionZ>
    <ScaleX>144</ScaleX>
    <ScaleY>40</ScaleY>
    <ScaleZ>2</ScaleZ>
    <RotateX>0</RotateX>
    <RotateY>90</RotateY>
    <RotateZ>0</RotateZ>
  </Wall>
  <Wall>
    <Name>74</Name>
    <RoomName>Room013</RoomName>
    <PositionX>339</PositionX>
    <PositionY>20</PositionY>
    <PositionZ>669</PositionZ>
    <ScaleX>74</ScaleX>
    <ScaleY>40</ScaleY>
    <ScaleZ>2</ScaleZ>
    <RotateX>0</RotateX>
    <RotateY>0</RotateY>
    <RotateZ>0</RotateZ>
  </Wall>
  <Wall>
    <Name>75</Name>
    <RoomName>Room015</RoomName>
    <PositionX>432</PositionX>
    <PositionY>20</PositionY>
    <PositionZ>709.5</PositionZ>
    <ScaleX>81</ScaleX>
    <ScaleY>40</ScaleY>
    <ScaleZ>2</ScaleZ>
    <RotateX>0</RotateX>
    <RotateY>90</RotateY>
    <RotateZ>0</RotateZ>
  </Wall>
  <Wall>
    <Name>76</Name>
    <RoomName>Room015</RoomName>
    <PositionX>404</PositionX>
    <PositionY>20</PositionY>
    <PositionZ>750</PositionZ>
    <ScaleX>56</ScaleX>
    <ScaleY>40</ScaleY>
    <ScaleZ>2</ScaleZ>
    <RotateX>0</RotateX>
    <RotateY>0</RotateY>
    <RotateZ>0</RotateZ>
  </Wall>
  <Wall>
    <Name>77</Name>
    <RoomName>Room015</RoomName>
    <PositionX>376</PositionX>
    <PositionY>20</PositionY>
    <PositionZ>709.5</PositionZ>
    <ScaleX>81</ScaleX>
    <ScaleY>40</ScaleY>
    <ScaleZ>2</ScaleZ>
    <RotateX>0</RotateX>
    <RotateY>90</RotateY>
    <RotateZ>0</RotateZ>
  </Wall>
  <Wall>
    <Name>78</Name>
    <RoomName>Room015</RoomName>
    <PositionX>404</PositionX>
    <PositionY>20</PositionY>
    <PositionZ>669</PositionZ>
    <ScaleX>56</ScaleX>
    <ScaleY>40</ScaleY>
    <ScaleZ>2</ScaleZ>
    <RotateX>0</RotateX>
    <RotateY>0</RotateY>
    <RotateZ>0</RotateZ>
  </Wall>
  <Wall>
    <Name>79</Name>
    <RoomName>2016-07-24 23:21:53.895</RoomName>
    <PositionX>460.5</PositionX>
    <PositionY>20</PositionY>
    <PositionZ>669</PositionZ>
    <ScaleX>57</ScaleX>
    <ScaleY>40</ScaleY>
    <ScaleZ>2</ScaleZ>
    <RotateX>0</RotateX>
    <RotateY>0</RotateY>
    <RotateZ>0</RotateZ>
  </Wall>
  <Wall>
    <Name>80</Name>
    <RoomName>2016-07-24 23:21:53.895</RoomName>
    <PositionX>489</PositionX>
    <PositionY>20</PositionY>
    <PositionZ>709.5</PositionZ>
    <ScaleX>81</ScaleX>
    <ScaleY>40</ScaleY>
    <ScaleZ>2</ScaleZ>
    <RotateX>0</RotateX>
    <RotateY>90</RotateY>
    <RotateZ>0</RotateZ>
  </Wall>
  <Wall>
    <Name>81</Name>
    <RoomName>2016-07-24 23:21:53.895</RoomName>
    <PositionX>460.5</PositionX>
    <PositionY>20</PositionY>
    <PositionZ>750</PositionZ>
    <ScaleX>57</ScaleX>
    <ScaleY>40</ScaleY>
    <ScaleZ>2</ScaleZ>
    <RotateX>0</RotateX>
    <RotateY>0</RotateY>
    <RotateZ>0</RotateZ>
  </Wall>
  <Wall>
    <Name>82</Name>
    <RoomName>2016-07-24 23:21:53.895</RoomName>
    <PositionX>432</PositionX>
    <PositionY>20</PositionY>
    <PositionZ>709.5</PositionZ>
    <ScaleX>81</ScaleX>
    <ScaleY>40</ScaleY>
    <ScaleZ>2</ScaleZ>
    <RotateX>0</RotateX>
    <RotateY>90</RotateY>
    <RotateZ>0</RotateZ>
  </Wall>
  <Wall>
    <Name>83</Name>
    <RoomName>Room014</RoomName>
    <PositionX>302</PositionX>
    <PositionY>20</PositionY>
    <PositionZ>836</PositionZ>
    <ScaleX>46</ScaleX>
    <ScaleY>40</ScaleY>
    <ScaleZ>2</ScaleZ>
    <RotateX>0</RotateX>
    <RotateY>90</RotateY>
    <RotateZ>0</RotateZ>
  </Wall>
  <Wall>
    <Name>84</Name>
    <RoomName>Room014</RoomName>
    <PositionX>343.5</PositionX>
    <PositionY>20</PositionY>
    <PositionZ>859</PositionZ>
    <ScaleX>83</ScaleX>
    <ScaleY>40</ScaleY>
    <ScaleZ>2</ScaleZ>
    <RotateX>0</RotateX>
    <RotateY>0</RotateY>
    <RotateZ>0</RotateZ>
  </Wall>
  <Wall>
    <Name>85</Name>
    <RoomName>Room014</RoomName>
    <PositionX>385</PositionX>
    <PositionY>20</PositionY>
    <PositionZ>836</PositionZ>
    <ScaleX>46</ScaleX>
    <ScaleY>40</ScaleY>
    <ScaleZ>2</ScaleZ>
    <RotateX>0</RotateX>
    <RotateY>90</RotateY>
    <RotateZ>0</RotateZ>
  </Wall>
  <Wall>
    <Name>86</Name>
    <RoomName>Room014</RoomName>
    <PositionX>343.5</PositionX>
    <PositionY>20</PositionY>
    <PositionZ>813</PositionZ>
    <ScaleX>83</ScaleX>
    <ScaleY>40</ScaleY>
    <ScaleZ>2</ScaleZ>
    <RotateX>0</RotateX>
    <RotateY>0</RotateY>
    <RotateZ>0</RotateZ>
  </Wall>
  <Wall>
    <Name>87</Name>
    <RoomName>Room003</RoomName>
    <PositionX>353</PositionX>
    <PositionY>20</PositionY>
    <PositionZ>130</PositionZ>
    <ScaleX>68</ScaleX>
    <ScaleY>40</ScaleY>
    <ScaleZ>2</ScaleZ>
    <RotateX>0</RotateX>
    <RotateY>90</RotateY>
    <RotateZ>0</RotateZ>
  </Wall>
  <Wall>
    <Name>88</Name>
    <RoomName>Room003</RoomName>
    <PositionX>473.5</PositionX>
    <PositionY>20</PositionY>
    <PositionZ>96.5</PositionZ>
    <ScaleX>241.0021</ScaleX>
    <ScaleY>40</ScaleY>
    <ScaleZ>2</ScaleZ>
    <RotateX>0</RotateX>
    <RotateY>359.7623</RotateY>
    <RotateZ>0</RotateZ>
  </Wall>
  <Wall>
    <Name>89</Name>
    <RoomName>Room003</RoomName>
    <PositionX>594</PositionX>
    <PositionY>20</PositionY>
    <PositionZ>152</PositionZ>
    <ScaleX>110</ScaleX>
    <ScaleY>40</ScaleY>
    <ScaleZ>2</ScaleZ>
    <RotateX>0</RotateX>
    <RotateY>90</RotateY>
    <RotateZ>0</RotateZ>
  </Wall>
  <Wall>
    <Name>90</Name>
    <RoomName>Room003</RoomName>
    <PositionX>479.5</PositionX>
    <PositionY>20</PositionY>
    <PositionZ>207</PositionZ>
    <ScaleX>229</ScaleX>
    <ScaleY>40</ScaleY>
    <ScaleZ>2</ScaleZ>
    <RotateX>0</RotateX>
    <RotateY>0</RotateY>
    <RotateZ>0</RotateZ>
  </Wall>
  <Wall>
    <Name>91</Name>
    <RoomName>Room003</RoomName>
    <PositionX>365</PositionX>
    <PositionY>20</PositionY>
    <PositionZ>203.5</PositionZ>
    <ScaleX>7</ScaleX>
    <ScaleY>40</ScaleY>
    <ScaleZ>2</ScaleZ>
    <RotateX>0</RotateX>
    <RotateY>90</RotateY>
    <RotateZ>0</RotateZ>
  </Wall>
  <Wall>
    <Name>92</Name>
    <RoomName>Room003</RoomName>
    <PositionX>346.5</PositionX>
    <PositionY>20</PositionY>
    <PositionZ>200</PositionZ>
    <ScaleX>37</ScaleX>
    <ScaleY>40</ScaleY>
    <ScaleZ>2</ScaleZ>
    <RotateX>0</RotateX>
    <RotateY>0</RotateY>
    <RotateZ>0</RotateZ>
  </Wall>
  <Wall>
    <Name>93</Name>
    <RoomName>Room003</RoomName>
    <PositionX>328</PositionX>
    <PositionY>20</PositionY>
    <PositionZ>182</PositionZ>
    <ScaleX>36</ScaleX>
    <ScaleY>40</ScaleY>
    <ScaleZ>2</ScaleZ>
    <RotateX>0</RotateX>
    <RotateY>90</RotateY>
    <RotateZ>0</RotateZ>
  </Wall>
  <Wall>
    <Name>94</Name>
    <RoomName>Room003</RoomName>
    <PositionX>340.5</PositionX>
    <PositionY>20</PositionY>
    <PositionZ>164</PositionZ>
    <ScaleX>25</ScaleX>
    <ScaleY>40</ScaleY>
    <ScaleZ>2</ScaleZ>
    <RotateX>0</RotateX>
    <RotateY>0</RotateY>
    <RotateZ>0</RotateZ>
  </Wall>
  <Wall>
    <Name>95</Name>
    <RoomName>Room005</RoomName>
    <PositionX>365</PositionX>
    <PositionY>20</PositionY>
    <PositionZ>206</PositionZ>
    <ScaleX>12</ScaleX>
    <ScaleY>40</ScaleY>
    <ScaleZ>2</ScaleZ>
    <RotateX>0</RotateX>
    <RotateY>90</RotateY>
    <RotateZ>0</RotateZ>
  </Wall>
  <Wall>
    <Name>96</Name>
    <RoomName>Room005</RoomName>
    <PositionX>359</PositionX>
    <PositionY>20</PositionY>
    <PositionZ>212</PositionZ>
    <ScaleX>12</ScaleX>
    <ScaleY>40</ScaleY>
    <ScaleZ>2</ScaleZ>
    <RotateX>0</RotateX>
    <RotateY>0</RotateY>
    <RotateZ>0</RotateZ>
  </Wall>
  <Wall>
    <Name>97</Name>
    <RoomName>Room005</RoomName>
    <PositionX>353</PositionX>
    <PositionY>20</PositionY>
    <PositionZ>250.5</PositionZ>
    <ScaleX>77</ScaleX>
    <ScaleY>40</ScaleY>
    <ScaleZ>2</ScaleZ>
    <RotateX>0</RotateX>
    <RotateY>90</RotateY>
    <RotateZ>0</RotateZ>
  </Wall>
  <Wall>
    <Name>98</Name>
    <RoomName>Room005</RoomName>
    <PositionX>330</PositionX>
    <PositionY>20</PositionY>
    <PositionZ>289</PositionZ>
    <ScaleX>46</ScaleX>
    <ScaleY>40</ScaleY>
    <ScaleZ>2</ScaleZ>
    <RotateX>0</RotateX>
    <RotateY>0</RotateY>
    <RotateZ>0</RotateZ>
  </Wall>
  <Wall>
    <Name>99</Name>
    <RoomName>Room005</RoomName>
    <PositionX>307</PositionX>
    <PositionY>20</PositionY>
    <PositionZ>244.5</PositionZ>
    <ScaleX>89</ScaleX>
    <ScaleY>40</ScaleY>
    <ScaleZ>2</ScaleZ>
    <RotateX>0</RotateX>
    <RotateY>90</RotateY>
    <RotateZ>0</RotateZ>
  </Wall>
  <Wall>
    <Name>100</Name>
    <RoomName>Room005</RoomName>
    <PositionX>336</PositionX>
    <PositionY>20</PositionY>
    <PositionZ>200</PositionZ>
    <ScaleX>58</ScaleX>
    <ScaleY>40</ScaleY>
    <ScaleZ>2</ScaleZ>
    <RotateX>0</RotateX>
    <RotateY>0</RotateY>
    <RotateZ>0</RotateZ>
  </Wall>
  <Wall>
    <Name>101</Name>
    <RoomName>Room004</RoomName>
    <PositionX>365</PositionX>
    <PositionY>20</PositionY>
    <PositionZ>209.5</PositionZ>
    <ScaleX>5</ScaleX>
    <ScaleY>40</ScaleY>
    <ScaleZ>2</ScaleZ>
    <RotateX>0</RotateX>
    <RotateY>90</RotateY>
    <RotateZ>0</RotateZ>
  </Wall>
  <Wall>
    <Name>102</Name>
    <RoomName>Room004</RoomName>
    <PositionX>359</PositionX>
    <PositionY>20</PositionY>
    <PositionZ>212</PositionZ>
    <ScaleX>12</ScaleX>
    <ScaleY>40</ScaleY>
    <ScaleZ>2</ScaleZ>
    <RotateX>0</RotateX>
    <RotateY>0</RotateY>
    <RotateZ>0</RotateZ>
  </Wall>
  <Wall>
    <Name>103</Name>
    <RoomName>Room004</RoomName>
    <PositionX>353</PositionX>
    <PositionY>20</PositionY>
    <PositionZ>250.5</PositionZ>
    <ScaleX>77</ScaleX>
    <ScaleY>40</ScaleY>
    <ScaleZ>2</ScaleZ>
    <RotateX>0</RotateX>
    <RotateY>90</RotateY>
    <RotateZ>0</RotateZ>
  </Wall>
  <Wall>
    <Name>104</Name>
    <RoomName>Room004</RoomName>
    <PositionX>338.5</PositionX>
    <PositionY>20</PositionY>
    <PositionZ>289</PositionZ>
    <ScaleX>29</ScaleX>
    <ScaleY>40</ScaleY>
    <ScaleZ>2</ScaleZ>
    <RotateX>0</RotateX>
    <RotateY>0</RotateY>
    <RotateZ>0</RotateZ>
  </Wall>
  <Wall>
    <Name>105</Name>
    <RoomName>Room004</RoomName>
    <PositionX>324</PositionX>
    <PositionY>20</PositionY>
    <PositionZ>307.5</PositionZ>
    <ScaleX>37</ScaleX>
    <ScaleY>40</ScaleY>
    <ScaleZ>2</ScaleZ>
    <RotateX>0</RotateX>
    <RotateY>90</RotateY>
    <RotateZ>0</RotateZ>
  </Wall>
  <Wall>
    <Name>106</Name>
    <RoomName>Room004</RoomName>
    <PositionX>459</PositionX>
    <PositionY>20</PositionY>
    <PositionZ>326</PositionZ>
    <ScaleX>270</ScaleX>
    <ScaleY>40</ScaleY>
    <ScaleZ>2</ScaleZ>
    <RotateX>0</RotateX>
    <RotateY>0</RotateY>
    <RotateZ>0</RotateZ>
  </Wall>
  <Wall>
    <Name>107</Name>
    <RoomName>Room004</RoomName>
    <PositionX>594</PositionX>
    <PositionY>20</PositionY>
    <PositionZ>266.5</PositionZ>
    <ScaleX>119</ScaleX>
    <ScaleY>40</ScaleY>
    <ScaleZ>2</ScaleZ>
    <RotateX>0</RotateX>
    <RotateY>90</RotateY>
    <RotateZ>0</RotateZ>
  </Wall>
  <Wall>
    <Name>108</Name>
    <RoomName>Room004</RoomName>
    <PositionX>479.5</PositionX>
    <PositionY>20</PositionY>
    <PositionZ>207</PositionZ>
    <ScaleX>229</ScaleX>
    <ScaleY>40</ScaleY>
    <ScaleZ>2</ScaleZ>
    <RotateX>0</RotateX>
    <RotateY>0</RotateY>
    <RotateZ>0</RotateZ>
  </Wall>
  <Wall>
    <Name>109</Name>
    <RoomName>Room009</RoomName>
    <PositionX>357</PositionX>
    <PositionY>20</PositionY>
    <PositionZ>457.5</PositionZ>
    <ScaleX>179</ScaleX>
    <ScaleY>40</ScaleY>
    <ScaleZ>2</ScaleZ>
    <RotateX>0</RotateX>
    <RotateY>90</RotateY>
    <RotateZ>0</RotateZ>
  </Wall>
  <Wall>
    <Name>110</Name>
    <RoomName>Room009</RoomName>
    <PositionX>475.5</PositionX>
    <PositionY>20</PositionY>
    <PositionZ>368</PositionZ>
    <ScaleX>237</ScaleX>
    <ScaleY>40</ScaleY>
    <ScaleZ>2</ScaleZ>
    <RotateX>0</RotateX>
    <RotateY>0</RotateY>
    <RotateZ>0</RotateZ>
  </Wall>
  <Wall>
    <Name>111</Name>
    <RoomName>Room009</RoomName>
    <PositionX>594</PositionX>
    <PositionY>20</PositionY>
    <PositionZ>476.5</PositionZ>
    <ScaleX>217</ScaleX>
    <ScaleY>40</ScaleY>
    <ScaleZ>2</ScaleZ>
    <RotateX>0</RotateX>
    <RotateY>90</RotateY>
    <RotateZ>0</RotateZ>
  </Wall>
  <Wall>
    <Name>112</Name>
    <RoomName>Room009</RoomName>
    <PositionX>553.5</PositionX>
    <PositionY>20</PositionY>
    <PositionZ>585</PositionZ>
    <ScaleX>81</ScaleX>
    <ScaleY>40</ScaleY>
    <ScaleZ>2</ScaleZ>
    <RotateX>0</RotateX>
    <RotateY>0</RotateY>
    <RotateZ>0</RotateZ>
  </Wall>
  <Wall>
    <Name>113</Name>
    <RoomName>Room009</RoomName>
    <PositionX>513</PositionX>
    <PositionY>20</PositionY>
    <PositionZ>595.5</PositionZ>
    <ScaleX>21</ScaleX>
    <ScaleY>40</ScaleY>
    <ScaleZ>2</ScaleZ>
    <RotateX>0</RotateX>
    <RotateY>90</RotateY>
    <RotateZ>0</RotateZ>
  </Wall>
  <Wall>
    <Name>114</Name>
    <RoomName>Room009</RoomName>
    <PositionX>410</PositionX>
    <PositionY>20</PositionY>
    <PositionZ>606</PositionZ>
    <ScaleX>206</ScaleX>
    <ScaleY>40</ScaleY>
    <ScaleZ>2</ScaleZ>
    <RotateX>0</RotateX>
    <RotateY>0</RotateY>
    <RotateZ>0</RotateZ>
  </Wall>
  <Wall>
    <Name>115</Name>
    <RoomName>Room009</RoomName>
    <PositionX>307</PositionX>
    <PositionY>20</PositionY>
    <PositionZ>576.5</PositionZ>
    <ScaleX>59</ScaleX>
    <ScaleY>40</ScaleY>
    <ScaleZ>2</ScaleZ>
    <RotateX>0</RotateX>
    <RotateY>90</RotateY>
    <RotateZ>0</RotateZ>
  </Wall>
  <Wall>
    <Name>116</Name>
    <RoomName>Room009</RoomName>
    <PositionX>332</PositionX>
    <PositionY>20</PositionY>
    <PositionZ>547</PositionZ>
    <ScaleX>50</ScaleX>
    <ScaleY>40</ScaleY>
    <ScaleZ>2</ScaleZ>
    <RotateX>0</RotateX>
    <RotateY>0</RotateY>
    <RotateZ>0</RotateZ>
  </Wall>
  <Wall>
    <Name>117</Name>
    <RoomName>Room006</RoomName>
    <PositionX>328</PositionX>
    <PositionY>20</PositionY>
    <PositionZ>182</PositionZ>
    <ScaleX>36</ScaleX>
    <ScaleY>40</ScaleY>
    <ScaleZ>2</ScaleZ>
    <RotateX>0</RotateX>
    <RotateY>90</RotateY>
    <RotateZ>0</RotateZ>
  </Wall>
  <Wall>
    <Name>118</Name>
    <RoomName>Room006</RoomName>
    <PositionX>317.5</PositionX>
    <PositionY>20</PositionY>
    <PositionZ>200</PositionZ>
    <ScaleX>21</ScaleX>
    <ScaleY>40</ScaleY>
    <ScaleZ>2</ScaleZ>
    <RotateX>0</RotateX>
    <RotateY>0</RotateY>
    <RotateZ>0</RotateZ>
  </Wall>
  <Wall>
    <Name>119</Name>
    <RoomName>Room006</RoomName>
    <PositionX>307</PositionX>
    <PositionY>20</PositionY>
    <PositionZ>244.5</PositionZ>
    <ScaleX>89</ScaleX>
    <ScaleY>40</ScaleY>
    <ScaleZ>2</ScaleZ>
    <RotateX>0</RotateX>
    <RotateY>90</RotateY>
    <RotateZ>0</RotateZ>
  </Wall>
  <Wall>
    <Name>120</Name>
    <RoomName>Room006</RoomName>
    <PositionX>315.5</PositionX>
    <PositionY>20</PositionY>
    <PositionZ>289</PositionZ>
    <ScaleX>17</ScaleX>
    <ScaleY>40</ScaleY>
    <ScaleZ>2</ScaleZ>
    <RotateX>0</RotateX>
    <RotateY>0</RotateY>
    <RotateZ>0</RotateZ>
  </Wall>
  <Wall>
    <Name>121</Name>
    <RoomName>Room006</RoomName>
    <PositionX>324</PositionX>
    <PositionY>20</PositionY>
    <PositionZ>307.5</PositionZ>
    <ScaleX>37</ScaleX>
    <ScaleY>40</ScaleY>
    <ScaleZ>2</ScaleZ>
    <RotateX>0</RotateX>
    <RotateY>90</RotateY>
    <RotateZ>0</RotateZ>
  </Wall>
  <Wall>
    <Name>122</Name>
    <RoomName>Room006</RoomName>
    <PositionX>324</PositionX>
    <PositionY>20</PositionY>
    <PositionZ>347</PositionZ>
    <ScaleX>42</ScaleX>
    <ScaleY>40</ScaleY>
    <ScaleZ>2</ScaleZ>
    <RotateX>0</RotateX>
    <RotateY>90</RotateY>
    <RotateZ>0</RotateZ>
  </Wall>
  <Wall>
    <Name>123</Name>
    <RoomName>Room006</RoomName>
    <PositionX>315.5</PositionX>
    <PositionY>20</PositionY>
    <PositionZ>368</PositionZ>
    <ScaleX>17</ScaleX>
    <ScaleY>40</ScaleY>
    <ScaleZ>2</ScaleZ>
    <RotateX>0</RotateX>
    <RotateY>0</RotateY>
    <RotateZ>0</RotateZ>
  </Wall>
  <Wall>
    <Name>124</Name>
    <RoomName>Room006</RoomName>
    <PositionX>307</PositionX>
    <PositionY>20</PositionY>
    <PositionZ>457.5</PositionZ>
    <ScaleX>179</ScaleX>
    <ScaleY>40</ScaleY>
    <ScaleZ>2</ScaleZ>
    <RotateX>0</RotateX>
    <RotateY>90</RotateY>
    <RotateZ>0</RotateZ>
  </Wall>
  <Wall>
    <Name>125</Name>
    <RoomName>Room006</RoomName>
    <PositionX>307</PositionX>
    <PositionY>20</PositionY>
    <PositionZ>576.5</PositionZ>
    <ScaleX>59</ScaleX>
    <ScaleY>40</ScaleY>
    <ScaleZ>2</ScaleZ>
    <RotateX>0</RotateX>
    <RotateY>90</RotateY>
    <RotateZ>0</RotateZ>
  </Wall>
  <Wall>
    <Name>126</Name>
    <RoomName>Room006</RoomName>
    <PositionX>410</PositionX>
    <PositionY>20</PositionY>
    <PositionZ>606</PositionZ>
    <ScaleX>206</ScaleX>
    <ScaleY>40</ScaleY>
    <ScaleZ>2</ScaleZ>
    <RotateX>0</RotateX>
    <RotateY>0</RotateY>
    <RotateZ>0</RotateZ>
  </Wall>
  <Wall>
    <Name>127</Name>
    <RoomName>Room006</RoomName>
    <PositionX>521.5</PositionX>
    <PositionY>20</PositionY>
    <PositionZ>606</PositionZ>
    <ScaleX>17</ScaleX>
    <ScaleY>40</ScaleY>
    <ScaleZ>2</ScaleZ>
    <RotateX>0</RotateX>
    <RotateY>0</RotateY>
    <RotateZ>0</RotateZ>
  </Wall>
  <Wall>
    <Name>128</Name>
    <RoomName>Room006</RoomName>
    <PositionX>530</PositionX>
    <PositionY>20</PositionY>
    <PositionZ>642.5</PositionZ>
    <ScaleX>73</ScaleX>
    <ScaleY>40</ScaleY>
    <ScaleZ>2</ScaleZ>
    <RotateX>0</RotateX>
    <RotateY>90</RotateY>
    <RotateZ>0</RotateZ>
  </Wall>
  <Wall>
    <Name>129</Name>
    <RoomName>Room006</RoomName>
    <PositionX>509.5</PositionX>
    <PositionY>20</PositionY>
    <PositionZ>679</PositionZ>
    <ScaleX>41</ScaleX>
    <ScaleY>40</ScaleY>
    <ScaleZ>2</ScaleZ>
    <RotateX>0</RotateX>
    <RotateY>0</RotateY>
    <RotateZ>0</RotateZ>
  </Wall>
  <Wall>
    <Name>130</Name>
    <RoomName>Room006</RoomName>
    <PositionX>489</PositionX>
    <PositionY>20</PositionY>
    <PositionZ>674</PositionZ>
    <ScaleX>10</ScaleX>
    <ScaleY>40</ScaleY>
    <ScaleZ>2</ScaleZ>
    <RotateX>0</RotateX>
    <RotateY>90</RotateY>
    <RotateZ>0</RotateZ>
  </Wall>
  <Wall>
    <Name>131</Name>
    <RoomName>Room006</RoomName>
    <PositionX>460.5</PositionX>
    <PositionY>20</PositionY>
    <PositionZ>669</PositionZ>
    <ScaleX>57</ScaleX>
    <ScaleY>40</ScaleY>
    <ScaleZ>2</ScaleZ>
    <RotateX>0</RotateX>
    <RotateY>0</RotateY>
    <RotateZ>0</RotateZ>
  </Wall>
  <Wall>
    <Name>132</Name>
    <RoomName>Room006</RoomName>
    <PositionX>404</PositionX>
    <PositionY>20</PositionY>
    <PositionZ>669</PositionZ>
    <ScaleX>56</ScaleX>
    <ScaleY>40</ScaleY>
    <ScaleZ>2</ScaleZ>
    <RotateX>0</RotateX>
    <RotateY>0</RotateY>
    <RotateZ>0</RotateZ>
  </Wall>
  <Wall>
    <Name>133</Name>
    <RoomName>Room006</RoomName>
    <PositionX>339</PositionX>
    <PositionY>20</PositionY>
    <PositionZ>669</PositionZ>
    <ScaleX>74</ScaleX>
    <ScaleY>40</ScaleY>
    <ScaleZ>2</ScaleZ>
    <RotateX>0</RotateX>
    <RotateY>0</RotateY>
    <RotateZ>0</RotateZ>
  </Wall>
  <Wall>
    <Name>134</Name>
    <RoomName>Room006</RoomName>
    <PositionX>302</PositionX>
    <PositionY>20</PositionY>
    <PositionZ>741</PositionZ>
    <ScaleX>144</ScaleX>
    <ScaleY>40</ScaleY>
    <ScaleZ>2</ScaleZ>
    <RotateX>0</RotateX>
    <RotateY>90</RotateY>
    <RotateZ>0</RotateZ>
  </Wall>
  <Wall>
    <Name>135</Name>
    <RoomName>Room006</RoomName>
    <PositionX>302</PositionX>
    <PositionY>20</PositionY>
    <PositionZ>836</PositionZ>
    <ScaleX>46</ScaleX>
    <ScaleY>40</ScaleY>
    <ScaleZ>2</ScaleZ>
    <RotateX>0</RotateX>
    <RotateY>90</RotateY>
    <RotateZ>0</RotateZ>
  </Wall>
  <Wall>
    <Name>136</Name>
    <RoomName>Room006</RoomName>
    <PositionX>157.5</PositionX>
    <PositionY>20</PositionY>
    <PositionZ>859</PositionZ>
    <ScaleX>289</ScaleX>
    <ScaleY>40</ScaleY>
    <ScaleZ>2</ScaleZ>
    <RotateX>0</RotateX>
    <RotateY>0</RotateY>
    <RotateZ>0</RotateZ>
  </Wall>
  <Wall>
    <Name>137</Name>
    <RoomName>Room006</RoomName>
    <PositionX>13</PositionX>
    <PositionY>20</PositionY>
    <PositionZ>733</PositionZ>
    <ScaleX>252</ScaleX>
    <ScaleY>40</ScaleY>
    <ScaleZ>2</ScaleZ>
    <RotateX>0</RotateX>
    <RotateY>90</RotateY>
    <RotateZ>0</RotateZ>
  </Wall>
  <Wall>
    <Name>138</Name>
    <RoomName>Room006</RoomName>
    <PositionX>67.5</PositionX>
    <PositionY>20</PositionY>
    <PositionZ>607</PositionZ>
    <ScaleX>109</ScaleX>
    <ScaleY>40</ScaleY>
    <ScaleZ>2</ScaleZ>
    <RotateX>0</RotateX>
    <RotateY>0</RotateY>
    <RotateZ>0</RotateZ>
  </Wall>
  <Wall>
    <Name>139</Name>
    <RoomName>Room006</RoomName>
    <PositionX>185.5</PositionX>
    <PositionY>20</PositionY>
    <PositionZ>607</PositionZ>
    <ScaleX>127</ScaleX>
    <ScaleY>40</ScaleY>
    <ScaleZ>2</ScaleZ>
    <RotateX>0</RotateX>
    <RotateY>0</RotateY>
    <RotateZ>0</RotateZ>
  </Wall>
  <Wall>
    <Name>140</Name>
    <RoomName>Room006</RoomName>
    <PositionX>249</PositionX>
    <PositionY>20</PositionY>
    <PositionZ>528.5</PositionZ>
    <ScaleX>157</ScaleX>
    <ScaleY>40</ScaleY>
    <ScaleZ>2</ScaleZ>
    <RotateX>0</RotateX>
    <RotateY>90</RotateY>
    <RotateZ>0</RotateZ>
  </Wall>
  <Wall>
    <Name>141</Name>
    <RoomName>Room006</RoomName>
    <PositionX>249</PositionX>
    <PositionY>20</PositionY>
    <PositionZ>423.5</PositionZ>
    <ScaleX>53</ScaleX>
    <ScaleY>40</ScaleY>
    <ScaleZ>2</ScaleZ>
    <RotateX>0</RotateX>
    <RotateY>90</RotateY>
    <RotateZ>0</RotateZ>
  </Wall>
  <Wall>
    <Name>142</Name>
    <RoomName>Room006</RoomName>
    <PositionX>249</PositionX>
    <PositionY>20</PositionY>
    <PositionZ>333</PositionZ>
    <ScaleX>128</ScaleX>
    <ScaleY>40</ScaleY>
    <ScaleZ>2</ScaleZ>
    <RotateX>0</RotateX>
    <RotateY>90</RotateY>
    <RotateZ>0</RotateZ>
  </Wall>
  <Wall>
    <Name>143</Name>
    <RoomName>Room006</RoomName>
    <PositionX>249</PositionX>
    <PositionY>20</PositionY>
    <PositionZ>259.5</PositionZ>
    <ScaleX>19</ScaleX>
    <ScaleY>40</ScaleY>
    <ScaleZ>2</ScaleZ>
    <RotateX>0</RotateX>
    <RotateY>90</RotateY>
    <RotateZ>0</RotateZ>
  </Wall>
  <Wall>
    <Name>144</Name>
    <RoomName>Room006</RoomName>
    <PositionX>249</PositionX>
    <PositionY>20</PositionY>
    <PositionZ>226</PositionZ>
    <ScaleX>48</ScaleX>
    <ScaleY>40</ScaleY>
    <ScaleZ>2</ScaleZ>
    <RotateX>0</RotateX>
    <RotateY>90</RotateY>
    <RotateZ>0</RotateZ>
  </Wall>
  <Wall>
    <Name>145</Name>
    <RoomName>Room006</RoomName>
    <PositionX>131</PositionX>
    <PositionY>20</PositionY>
    <PositionZ>202</PositionZ>
    <ScaleX>236</ScaleX>
    <ScaleY>40</ScaleY>
    <ScaleZ>2</ScaleZ>
    <RotateX>0</RotateX>
    <RotateY>0</RotateY>
    <RotateZ>0</RotateZ>
  </Wall>
  <Wall>
    <Name>146</Name>
    <RoomName>Room006</RoomName>
    <PositionX>13</PositionX>
    <PositionY>20</PositionY>
    <PositionZ>183</PositionZ>
    <ScaleX>38</ScaleX>
    <ScaleY>40</ScaleY>
    <ScaleZ>2</ScaleZ>
    <RotateX>0</RotateX>
    <RotateY>90</RotateY>
    <RotateZ>0</RotateZ>
  </Wall>
  <Wall>
    <Name>147</Name>
    <RoomName>Room006</RoomName>
    <PositionX>170.5</PositionX>
    <PositionY>20</PositionY>
    <PositionZ>164</PositionZ>
    <ScaleX>315</ScaleX>
    <ScaleY>40</ScaleY>
    <ScaleZ>2</ScaleZ>
    <RotateX>0</RotateX>
    <RotateY>0</RotateY>
    <RotateZ>0</RotateZ>
  </Wall>
  <Wall>
    <Name>148</Name>
    <ObstacleName>2016-07-25 02:00:48.001</ObstacleName>
    <PositionX>87.5</PositionX>
    <PositionY>20</PositionY>
    <PositionZ>45.5</PositionZ>
    <ScaleX>39.01282</ScaleX>
    <ScaleY>40</ScaleY>
    <ScaleZ>2</ScaleZ>
    <RotateX>0</RotateX>
    <RotateY>271.4688</RotateY>
    <RotateZ>0</RotateZ>
  </Wall>
  <Wall>
    <Name>149</Name>
    <ObstacleName>2016-07-25 02:00:48.001</ObstacleName>
    <PositionX>94</PositionX>
    <PositionY>20</PositionY>
    <PositionZ>65</PositionZ>
    <ScaleX>12</ScaleX>
    <ScaleY>40</ScaleY>
    <ScaleZ>2</ScaleZ>
    <RotateX>0</RotateX>
    <RotateY>0</RotateY>
    <RotateZ>0</RotateZ>
  </Wall>
  <Wall>
    <Name>150</Name>
    <ObstacleName>2016-07-25 02:00:48.001</ObstacleName>
    <PositionX>100</PositionX>
    <PositionY>20</PositionY>
    <PositionZ>45.5</PositionZ>
    <ScaleX>39</ScaleX>
    <ScaleY>40</ScaleY>
    <ScaleZ>2</ScaleZ>
    <RotateX>0</RotateX>
    <RotateY>90</RotateY>
    <RotateZ>0</RotateZ>
  </Wall>
  <Wall>
    <Name>151</Name>
    <ObstacleName>2016-07-25 02:00:48.001</ObstacleName>
    <PositionX>93.5</PositionX>
    <PositionY>20</PositionY>
    <PositionZ>26</PositionZ>
    <ScaleX>13</ScaleX>
    <ScaleY>40</ScaleY>
    <ScaleZ>2</ScaleZ>
    <RotateX>0</RotateX>
    <RotateY>0</RotateY>
    <RotateZ>0</RotateZ>
  </Wall>
  <Wall>
    <Name>152</Name>
    <ObstacleName>2016-07-25 02:00:54.329</ObstacleName>
    <PositionX>105</PositionX>
    <PositionY>20</PositionY>
    <PositionZ>46</PositionZ>
    <ScaleX>38</ScaleX>
    <ScaleY>40</ScaleY>
    <ScaleZ>2</ScaleZ>
    <RotateX>0</RotateX>
    <RotateY>90</RotateY>
    <RotateZ>0</RotateZ>
  </Wall>
  <Wall>
    <Name>153</Name>
    <ObstacleName>2016-07-25 02:00:54.329</ObstacleName>
    <PositionX>111.5</PositionX>
    <PositionY>20</PositionY>
    <PositionZ>65</PositionZ>
    <ScaleX>13</ScaleX>
    <ScaleY>40</ScaleY>
    <ScaleZ>2</ScaleZ>
    <RotateX>0</RotateX>
    <RotateY>0</RotateY>
    <RotateZ>0</RotateZ>
  </Wall>
  <Wall>
    <Name>154</Name>
    <ObstacleName>2016-07-25 02:00:54.329</ObstacleName>
    <PositionX>117.5</PositionX>
    <PositionY>20</PositionY>
    <PositionZ>46</PositionZ>
    <ScaleX>38.01316</ScaleX>
    <ScaleY>40</ScaleY>
    <ScaleZ>2</ScaleZ>
    <RotateX>0</RotateX>
    <RotateY>271.5074</RotateY>
    <RotateZ>0</RotateZ>
  </Wall>
  <Wall>
    <Name>155</Name>
    <ObstacleName>2016-07-25 02:00:54.329</ObstacleName>
    <PositionX>111</PositionX>
    <PositionY>20</PositionY>
    <PositionZ>27</PositionZ>
    <ScaleX>12</ScaleX>
    <ScaleY>40</ScaleY>
    <ScaleZ>2</ScaleZ>
    <RotateX>0</RotateX>
    <RotateY>0</RotateY>
    <RotateZ>0</RotateZ>
  </Wall>
  <Wall>
    <Name>156</Name>
    <ObstacleName>2016-07-25 02:01:00.484</ObstacleName>
    <PositionX>120</PositionX>
    <PositionY>20</PositionY>
    <PositionZ>45.5</PositionZ>
    <ScaleX>37</ScaleX>
    <ScaleY>40</ScaleY>
    <ScaleZ>2</ScaleZ>
    <RotateX>0</RotateX>
    <RotateY>90</RotateY>
    <RotateZ>0</RotateZ>
  </Wall>
  <Wall>
    <Name>157</Name>
    <ObstacleName>2016-07-25 02:01:00.484</ObstacleName>
    <PositionX>126</PositionX>
    <PositionY>20</PositionY>
    <PositionZ>64.5</PositionZ>
    <ScaleX>12.04159</ScaleX>
    <ScaleY>40</ScaleY>
    <ScaleZ>2</ScaleZ>
    <RotateX>0</RotateX>
    <RotateY>355.2364</RotateY>
    <RotateZ>0</RotateZ>
  </Wall>
  <Wall>
    <Name>158</Name>
    <ObstacleName>2016-07-25 02:01:00.484</ObstacleName>
    <PositionX>132</PositionX>
    <PositionY>20</PositionY>
    <PositionZ>46</PositionZ>
    <ScaleX>38</ScaleX>
    <ScaleY>40</ScaleY>
    <ScaleZ>2</ScaleZ>
    <RotateX>0</RotateX>
    <RotateY>90</RotateY>
    <RotateZ>0</RotateZ>
  </Wall>
  <Wall>
    <Name>159</Name>
    <ObstacleName>2016-07-25 02:01:00.484</ObstacleName>
    <PositionX>126</PositionX>
    <PositionY>20</PositionY>
    <PositionZ>27</PositionZ>
    <ScaleX>12</ScaleX>
    <ScaleY>40</ScaleY>
    <ScaleZ>2</ScaleZ>
    <RotateX>0</RotateX>
    <RotateY>0</RotateY>
    <RotateZ>0</RotateZ>
  </Wall>
  <Wall>
    <Name>160</Name>
    <ObstacleName>2016-07-25 02:01:24.499</ObstacleName>
    <PositionX>140</PositionX>
    <PositionY>20</PositionY>
    <PositionZ>46</PositionZ>
    <ScaleX>38</ScaleX>
    <ScaleY>40</ScaleY>
    <ScaleZ>2</ScaleZ>
    <RotateX>0</RotateX>
    <RotateY>90</RotateY>
    <RotateZ>0</RotateZ>
  </Wall>
  <Wall>
    <Name>161</Name>
    <ObstacleName>2016-07-25 02:01:24.499</ObstacleName>
    <PositionX>147</PositionX>
    <PositionY>20</PositionY>
    <PositionZ>65</PositionZ>
    <ScaleX>14</ScaleX>
    <ScaleY>40</ScaleY>
    <ScaleZ>2</ScaleZ>
    <RotateX>0</RotateX>
    <RotateY>0</RotateY>
    <RotateZ>0</RotateZ>
  </Wall>
  <Wall>
    <Name>162</Name>
    <ObstacleName>2016-07-25 02:01:24.499</ObstacleName>
    <PositionX>153.5</PositionX>
    <PositionY>20</PositionY>
    <PositionZ>45.5</PositionZ>
    <ScaleX>39.01282</ScaleX>
    <ScaleY>40</ScaleY>
    <ScaleZ>2</ScaleZ>
    <RotateX>0</RotateX>
    <RotateY>271.4688</RotateY>
    <RotateZ>0</RotateZ>
  </Wall>
  <Wall>
    <Name>163</Name>
    <ObstacleName>2016-07-25 02:01:24.499</ObstacleName>
    <PositionX>146.5</PositionX>
    <PositionY>20</PositionY>
    <PositionZ>26.5</PositionZ>
    <ScaleX>13.0384</ScaleX>
    <ScaleY>40</ScaleY>
    <ScaleZ>2</ScaleZ>
    <RotateX>0</RotateX>
    <RotateY>364.3987</RotateY>
    <RotateZ>0</RotateZ>
  </Wall>
  <Wall>
    <Name>164</Name>
    <ObstacleName>2016-07-25 02:01:31.861</ObstacleName>
    <PositionX>157</PositionX>
    <PositionY>20</PositionY>
    <PositionZ>45.5</PositionZ>
    <ScaleX>39</ScaleX>
    <ScaleY>40</ScaleY>
    <ScaleZ>2</ScaleZ>
    <RotateX>0</RotateX>
    <RotateY>90</RotateY>
    <RotateZ>0</RotateZ>
  </Wall>
  <Wall>
    <Name>165</Name>
    <ObstacleName>2016-07-25 02:01:31.861</ObstacleName>
    <PositionX>163</PositionX>
    <PositionY>20</PositionY>
    <PositionZ>65</PositionZ>
    <ScaleX>12</ScaleX>
    <ScaleY>40</ScaleY>
    <ScaleZ>2</ScaleZ>
    <RotateX>0</RotateX>
    <RotateY>0</RotateY>
    <RotateZ>0</RotateZ>
  </Wall>
  <Wall>
    <Name>166</Name>
    <ObstacleName>2016-07-25 02:01:31.861</ObstacleName>
    <PositionX>169.5</PositionX>
    <PositionY>20</PositionY>
    <PositionZ>45.5</PositionZ>
    <ScaleX>39.01282</ScaleX>
    <ScaleY>40</ScaleY>
    <ScaleZ>2</ScaleZ>
    <RotateX>0</RotateX>
    <RotateY>448.5312</RotateY>
    <RotateZ>0</RotateZ>
  </Wall>
  <Wall>
    <Name>167</Name>
    <ObstacleName>2016-07-25 02:01:31.861</ObstacleName>
    <PositionX>163.5</PositionX>
    <PositionY>20</PositionY>
    <PositionZ>26</PositionZ>
    <ScaleX>13</ScaleX>
    <ScaleY>40</ScaleY>
    <ScaleZ>2</ScaleZ>
    <RotateX>0</RotateX>
    <RotateY>0</RotateY>
    <RotateZ>0</RotateZ>
  </Wall>
  <Wall>
    <Name>168</Name>
    <ObstacleName>2016-07-25 02:01:58.027</ObstacleName>
    <PositionX>182</PositionX>
    <PositionY>20</PositionY>
    <PositionZ>74</PositionZ>
    <ScaleX>12</ScaleX>
    <ScaleY>40</ScaleY>
    <ScaleZ>2</ScaleZ>
    <RotateX>0</RotateX>
    <RotateY>90</RotateY>
    <RotateZ>0</RotateZ>
  </Wall>
  <Wall>
    <Name>169</Name>
    <ObstacleName>2016-07-25 02:01:58.027</ObstacleName>
    <PositionX>188</PositionX>
    <PositionY>20</PositionY>
    <PositionZ>80</PositionZ>
    <ScaleX>12</ScaleX>
    <ScaleY>40</ScaleY>
    <ScaleZ>2</ScaleZ>
    <RotateX>0</RotateX>
    <RotateY>0</RotateY>
    <RotateZ>0</RotateZ>
  </Wall>
  <Wall>
    <Name>170</Name>
    <ObstacleName>2016-07-25 02:01:58.027</ObstacleName>
    <PositionX>194</PositionX>
    <PositionY>20</PositionY>
    <PositionZ>73.5</PositionZ>
    <ScaleX>13</ScaleX>
    <ScaleY>40</ScaleY>
    <ScaleZ>2</ScaleZ>
    <RotateX>0</RotateX>
    <RotateY>90</RotateY>
    <RotateZ>0</RotateZ>
  </Wall>
  <Wall>
    <Name>171</Name>
    <ObstacleName>2016-07-25 02:01:58.027</ObstacleName>
    <PositionX>188</PositionX>
    <PositionY>20</PositionY>
    <PositionZ>67.5</PositionZ>
    <ScaleX>12.04159</ScaleX>
    <ScaleY>40</ScaleY>
    <ScaleZ>2</ScaleZ>
    <RotateX>0</RotateX>
    <RotateY>364.7636</RotateY>
    <RotateZ>0</RotateZ>
  </Wall>
  <Wall>
    <Name>172</Name>
    <ObstacleName>2016-07-25 02:02:06.963</ObstacleName>
    <PositionX>197</PositionX>
    <PositionY>20</PositionY>
    <PositionZ>72</PositionZ>
    <ScaleX>26</ScaleX>
    <ScaleY>40</ScaleY>
    <ScaleZ>2</ScaleZ>
    <RotateX>0</RotateX>
    <RotateY>90</RotateY>
    <RotateZ>0</RotateZ>
  </Wall>
  <Wall>
    <Name>173</Name>
    <ObstacleName>2016-07-25 02:02:06.963</ObstacleName>
    <PositionX>204.5</PositionX>
    <PositionY>20</PositionY>
    <PositionZ>85.5</PositionZ>
    <ScaleX>15.0333</ScaleX>
    <ScaleY>40</ScaleY>
    <ScaleZ>2</ScaleZ>
    <RotateX>0</RotateX>
    <RotateY>356.1859</RotateY>
    <RotateZ>0</RotateZ>
  </Wall>
  <Wall>
    <Name>174</Name>
    <ObstacleName>2016-07-25 02:02:06.963</ObstacleName>
    <PositionX>212</PositionX>
    <PositionY>20</PositionY>
    <PositionZ>72.5</PositionZ>
    <ScaleX>27</ScaleX>
    <ScaleY>40</ScaleY>
    <ScaleZ>2</ScaleZ>
    <RotateX>0</RotateX>
    <RotateY>90</RotateY>
    <RotateZ>0</RotateZ>
  </Wall>
  <Wall>
    <Name>175</Name>
    <ObstacleName>2016-07-25 02:02:06.963</ObstacleName>
    <PositionX>204.5</PositionX>
    <PositionY>20</PositionY>
    <PositionZ>59</PositionZ>
    <ScaleX>15</ScaleX>
    <ScaleY>40</ScaleY>
    <ScaleZ>2</ScaleZ>
    <RotateX>0</RotateX>
    <RotateY>0</RotateY>
    <RotateZ>0</RotateZ>
  </Wall>
  <Wall>
    <Name>176</Name>
    <ObstacleName>2016-07-25 02:02:30.462</ObstacleName>
    <PositionX>186.5</PositionX>
    <PositionY>20</PositionY>
    <PositionZ>149</PositionZ>
    <ScaleX>20.02498</ScaleX>
    <ScaleY>40</ScaleY>
    <ScaleZ>2</ScaleZ>
    <RotateX>0</RotateX>
    <RotateY>272.8624</RotateY>
    <RotateZ>0</RotateZ>
  </Wall>
  <Wall>
    <Name>177</Name>
    <ObstacleName>2016-07-25 02:02:30.462</ObstacleName>
    <PositionX>218.5</PositionX>
    <PositionY>20</PositionY>
    <PositionZ>138.5</PositionZ>
    <ScaleX>65.00769</ScaleX>
    <ScaleY>40</ScaleY>
    <ScaleZ>2</ScaleZ>
    <RotateX>0</RotateX>
    <RotateY>360.8814</RotateY>
    <RotateZ>0</RotateZ>
  </Wall>
  <Wall>
    <Name>178</Name>
    <ObstacleName>2016-07-25 02:02:30.462</ObstacleName>
    <PositionX>251.5</PositionX>
    <PositionY>20</PositionY>
    <PositionZ>148</PositionZ>
    <ScaleX>20.02498</ScaleX>
    <ScaleY>40</ScaleY>
    <ScaleZ>2</ScaleZ>
    <RotateX>0</RotateX>
    <RotateY>272.8624</RotateY>
    <RotateZ>0</RotateZ>
  </Wall>
  <Wall>
    <Name>179</Name>
    <ObstacleName>2016-07-25 02:02:30.462</ObstacleName>
    <PositionX>219.5</PositionX>
    <PositionY>20</PositionY>
    <PositionZ>158.5</PositionZ>
    <ScaleX>65.00769</ScaleX>
    <ScaleY>40</ScaleY>
    <ScaleZ>2</ScaleZ>
    <RotateX>0</RotateX>
    <RotateY>360.8814</RotateY>
    <RotateZ>0</RotateZ>
  </Wall>
  <Wall>
    <Name>180</Name>
    <ObstacleName>2016-07-25 02:02:56.667</ObstacleName>
    <PositionX>216</PositionX>
    <PositionY>20</PositionY>
    <PositionZ>72.5</PositionZ>
    <ScaleX>35.05709</ScaleX>
    <ScaleY>40</ScaleY>
    <ScaleZ>2</ScaleZ>
    <RotateX>0</RotateX>
    <RotateY>273.2705</RotateY>
    <RotateZ>0</RotateZ>
  </Wall>
  <Wall>
    <Name>181</Name>
    <ObstacleName>2016-07-25 02:02:56.667</ObstacleName>
    <PositionX>271.5</PositionX>
    <PositionY>20</PositionY>
    <PositionZ>90</PositionZ>
    <ScaleX>109</ScaleX>
    <ScaleY>40</ScaleY>
    <ScaleZ>2</ScaleZ>
    <RotateX>0</RotateX>
    <RotateY>0</RotateY>
    <RotateZ>0</RotateZ>
  </Wall>
  <Wall>
    <Name>182</Name>
    <ObstacleName>2016-07-25 02:02:56.667</ObstacleName>
    <PositionX>325.5</PositionX>
    <PositionY>20</PositionY>
    <PositionZ>72.5</PositionZ>
    <ScaleX>35.01428</ScaleX>
    <ScaleY>40</ScaleY>
    <ScaleZ>2</ScaleZ>
    <RotateX>0</RotateX>
    <RotateY>271.6366</RotateY>
    <RotateZ>0</RotateZ>
  </Wall>
  <Wall>
    <Name>183</Name>
    <ObstacleName>2016-07-25 02:02:56.667</ObstacleName>
    <PositionX>270</PositionX>
    <PositionY>20</PositionY>
    <PositionZ>55</PositionZ>
    <ScaleX>110</ScaleX>
    <ScaleY>40</ScaleY>
    <ScaleZ>2</ScaleZ>
    <RotateX>0</RotateX>
    <RotateY>0</RotateY>
    <RotateZ>0</RotateZ>
  </Wall>
</Walls>