﻿<Walls>
  <Wall>
    <Name>1</Name>
    <RoomName>Room001</RoomName>
    <PositionX>0.5909091</PositionX>
    <PositionY>1</PositionY>
    <PositionZ>4.113636</PositionZ>
    <ScaleX>6.681818</ScaleX>
    <ScaleY>2</ScaleY>
    <ScaleZ>0.1</ScaleZ>
    <RotateX>0</RotateX>
    <RotateY>90</RotateY>
    <RotateZ>0</RotateZ>
  </Wall>
  <Wall>
    <Name>2</Name>
    <RoomName>Room001</RoomName>
    <PositionX>8.318182</PositionX>
    <PositionY>1</PositionY>
    <PositionZ>7.454545</PositionZ>
    <ScaleX>15.45455</ScaleX>
    <ScaleY>2</ScaleY>
    <ScaleZ>0.1</ScaleZ>
    <RotateX>0</RotateX>
    <RotateY>0</RotateY>
    <RotateZ>0</RotateZ>
  </Wall>
  <Wall>
    <Name>3</Name>
    <RoomName>Room001</RoomName>
    <PositionX>16.04545</PositionX>
    <PositionY>1</PositionY>
    <PositionZ>5.909091</PositionZ>
    <ScaleX>3.090909</ScaleX>
    <ScaleY>2</ScaleY>
    <ScaleZ>0.1</ScaleZ>
    <RotateX>0</RotateX>
    <RotateY>90</RotateY>
    <RotateZ>0</RotateZ>
  </Wall>
  <Wall>
    <Name>4</Name>
    <RoomName>Room001</RoomName>
    <PositionX>17.95454</PositionX>
    <PositionY>1</PositionY>
    <PositionZ>4.363636</PositionZ>
    <ScaleX>3.818182</ScaleX>
    <ScaleY>2</ScaleY>
    <ScaleZ>0.1</ScaleZ>
    <RotateX>0</RotateX>
    <RotateY>0</RotateY>
    <RotateZ>0</RotateZ>
  </Wall>
  <Wall>
    <Name>5</Name>
    <RoomName>Room001</RoomName>
    <PositionX>19.86364</PositionX>
    <PositionY>1</PositionY>
    <PositionZ>2.568182</PositionZ>
    <ScaleX>3.590909</ScaleX>
    <ScaleY>2</ScaleY>
    <ScaleZ>0.1</ScaleZ>
    <RotateX>0</RotateX>
    <RotateY>90</RotateY>
    <RotateZ>0</RotateZ>
  </Wall>
  <Wall>
    <Name>6</Name>
    <RoomName>Room001</RoomName>
    <PositionX>10.22727</PositionX>
    <PositionY>1</PositionY>
    <PositionZ>0.7727273</PositionZ>
    <ScaleX>19.27273</ScaleX>
    <ScaleY>2</ScaleY>
    <ScaleZ>0.1</ScaleZ>
    <RotateX>0</RotateX>
    <RotateY>0</RotateY>
    <RotateZ>0</RotateZ>
  </Wall>
  <Wall>
    <Name>7</Name>
    <RoomName>Room017</RoomName>
    <PositionX>11.31818</PositionX>
    <PositionY>1</PositionY>
    <PositionZ>10.27273</PositionZ>
    <ScaleX>2.181818</ScaleX>
    <ScaleY>2</ScaleY>
    <ScaleZ>0.1</ScaleZ>
    <RotateX>0</RotateX>
    <RotateY>90</RotateY>
    <RotateZ>0</RotateZ>
  </Wall>
  <Wall>
    <Name>8</Name>
    <RoomName>Room017</RoomName>
    <PositionX>5.954545</PositionX>
    <PositionY>1</PositionY>
    <PositionZ>11.36364</PositionZ>
    <ScaleX>10.72727</ScaleX>
    <ScaleY>2</ScaleY>
    <ScaleZ>0.1</ScaleZ>
    <RotateX>0</RotateX>
    <RotateY>0</RotateY>
    <RotateZ>0</RotateZ>
  </Wall>
  <Wall>
    <Name>9</Name>
    <RoomName>Room017</RoomName>
    <PositionX>0.5909091</PositionX>
    <PositionY>1</PositionY>
    <PositionZ>10.27273</PositionZ>
    <ScaleX>2.181818</ScaleX>
    <ScaleY>2</ScaleY>
    <ScaleZ>0.1</ScaleZ>
    <RotateX>0</RotateX>
    <RotateY>90</RotateY>
    <RotateZ>0</RotateZ>
  </Wall>
  <Wall>
    <Name>10</Name>
    <RoomName>Room017</RoomName>
    <PositionX>5.954545</PositionX>
    <PositionY>1</PositionY>
    <PositionZ>9.181818</PositionZ>
    <ScaleX>10.72727</ScaleX>
    <ScaleY>2</ScaleY>
    <ScaleZ>0.1</ScaleZ>
    <RotateX>0</RotateX>
    <RotateY>0</RotateY>
    <RotateZ>0</RotateZ>
  </Wall>
  <Wall>
    <Name>11</Name>
    <RoomName>Room002</RoomName>
    <PositionX>23.77273</PositionX>
    <PositionY>1</PositionY>
    <PositionZ>2.590909</PositionZ>
    <ScaleX>3.636364</ScaleX>
    <ScaleY>2</ScaleY>
    <ScaleZ>0.1</ScaleZ>
    <RotateX>0</RotateX>
    <RotateY>90</RotateY>
    <RotateZ>0</RotateZ>
  </Wall>
  <Wall>
    <Name>12</Name>
    <RoomName>Room002</RoomName>
    <PositionX>21.81818</PositionX>
    <PositionY>1</PositionY>
    <PositionZ>4.386364</PositionZ>
    <ScaleX>3.909356</ScaleX>
    <ScaleY>2</ScaleY>
    <ScaleZ>0.1</ScaleZ>
    <RotateX>0</RotateX>
    <RotateY>359.3338</RotateY>
    <RotateZ>0</RotateZ>
  </Wall>
  <Wall>
    <Name>13</Name>
    <RoomName>Room002</RoomName>
    <PositionX>19.86364</PositionX>
    <PositionY>1</PositionY>
    <PositionZ>2.568182</PositionZ>
    <ScaleX>3.590909</ScaleX>
    <ScaleY>2</ScaleY>
    <ScaleZ>0.1</ScaleZ>
    <RotateX>0</RotateX>
    <RotateY>90</RotateY>
    <RotateZ>0</RotateZ>
  </Wall>
  <Wall>
    <Name>14</Name>
    <RoomName>Room002</RoomName>
    <PositionX>21.81818</PositionX>
    <PositionY>1</PositionY>
    <PositionZ>0.7727273</PositionZ>
    <ScaleX>3.909092</ScaleX>
    <ScaleY>2</ScaleY>
    <ScaleZ>0.1</ScaleZ>
    <RotateX>0</RotateX>
    <RotateY>0</RotateY>
    <RotateZ>0</RotateZ>
  </Wall>
  <Wall>
    <Name>15</Name>
    <RoomName>Room018</RoomName>
    <PositionX>0.5909091</PositionX>
    <PositionY>1</PositionY>
    <PositionZ>12.88636</PositionZ>
    <ScaleX>3.045455</ScaleX>
    <ScaleY>2</ScaleY>
    <ScaleZ>0.1</ScaleZ>
    <RotateX>0</RotateX>
    <RotateY>90</RotateY>
    <RotateZ>0</RotateZ>
  </Wall>
  <Wall>
    <Name>16</Name>
    <RoomName>Room018</RoomName>
    <PositionX>2.954545</PositionX>
    <PositionY>1</PositionY>
    <PositionZ>14.40909</PositionZ>
    <ScaleX>4.727273</ScaleX>
    <ScaleY>2</ScaleY>
    <ScaleZ>0.1</ScaleZ>
    <RotateX>0</RotateX>
    <RotateY>0</RotateY>
    <RotateZ>0</RotateZ>
  </Wall>
  <Wall>
    <Name>17</Name>
    <RoomName>Room018</RoomName>
    <PositionX>5.318182</PositionX>
    <PositionY>1</PositionY>
    <PositionZ>12.88636</PositionZ>
    <ScaleX>3.045455</ScaleX>
    <ScaleY>2</ScaleY>
    <ScaleZ>0.1</ScaleZ>
    <RotateX>0</RotateX>
    <RotateY>90</RotateY>
    <RotateZ>0</RotateZ>
  </Wall>
  <Wall>
    <Name>18</Name>
    <RoomName>Room018</RoomName>
    <PositionX>2.954545</PositionX>
    <PositionY>1</PositionY>
    <PositionZ>11.36364</PositionZ>
    <ScaleX>4.727273</ScaleX>
    <ScaleY>2</ScaleY>
    <ScaleZ>0.1</ScaleZ>
    <RotateX>0</RotateX>
    <RotateY>0</RotateY>
    <RotateZ>0</RotateZ>
  </Wall>
  <Wall>
    <Name>19</Name>
    <RoomName>Room019</RoomName>
    <PositionX>5.318182</PositionX>
    <PositionY>1</PositionY>
    <PositionZ>12.25</PositionZ>
    <ScaleX>1.772728</ScaleX>
    <ScaleY>2</ScaleY>
    <ScaleZ>0.1</ScaleZ>
    <RotateX>0</RotateX>
    <RotateY>90</RotateY>
    <RotateZ>0</RotateZ>
  </Wall>
  <Wall>
    <Name>20</Name>
    <RoomName>Room019</RoomName>
    <PositionX>6.772727</PositionX>
    <PositionY>1</PositionY>
    <PositionZ>13.13636</PositionZ>
    <ScaleX>2.909091</ScaleX>
    <ScaleY>2</ScaleY>
    <ScaleZ>0.1</ScaleZ>
    <RotateX>0</RotateX>
    <RotateY>0</RotateY>
    <RotateZ>0</RotateZ>
  </Wall>
  <Wall>
    <Name>21</Name>
    <RoomName>Room019</RoomName>
    <PositionX>8.227273</PositionX>
    <PositionY>1</PositionY>
    <PositionZ>12.25</PositionZ>
    <ScaleX>1.772728</ScaleX>
    <ScaleY>2</ScaleY>
    <ScaleZ>0.1</ScaleZ>
    <RotateX>0</RotateX>
    <RotateY>90</RotateY>
    <RotateZ>0</RotateZ>
  </Wall>
  <Wall>
    <Name>22</Name>
    <RoomName>Room019</RoomName>
    <PositionX>6.772727</PositionX>
    <PositionY>1</PositionY>
    <PositionZ>11.36364</PositionZ>
    <ScaleX>2.909091</ScaleX>
    <ScaleY>2</ScaleY>
    <ScaleZ>0.1</ScaleZ>
    <RotateX>0</RotateX>
    <RotateY>0</RotateY>
    <RotateZ>0</RotateZ>
  </Wall>
  <Wall>
    <Name>23</Name>
    <RoomName>Room020</RoomName>
    <PositionX>9.772728</PositionX>
    <PositionY>1</PositionY>
    <PositionZ>11.36364</PositionZ>
    <ScaleX>3.090909</ScaleX>
    <ScaleY>2</ScaleY>
    <ScaleZ>0.1</ScaleZ>
    <RotateX>0</RotateX>
    <RotateY>0</RotateY>
    <RotateZ>0</RotateZ>
  </Wall>
  <Wall>
    <Name>24</Name>
    <RoomName>Room020</RoomName>
    <PositionX>11.31818</PositionX>
    <PositionY>1</PositionY>
    <PositionZ>11.79545</PositionZ>
    <ScaleX>0.863637</ScaleX>
    <ScaleY>2</ScaleY>
    <ScaleZ>0.1</ScaleZ>
    <RotateX>0</RotateX>
    <RotateY>90</RotateY>
    <RotateZ>0</RotateZ>
  </Wall>
  <Wall>
    <Name>25</Name>
    <RoomName>Room020</RoomName>
    <PositionX>9.772728</PositionX>
    <PositionY>1</PositionY>
    <PositionZ>12.22727</PositionZ>
    <ScaleX>3.090909</ScaleX>
    <ScaleY>2</ScaleY>
    <ScaleZ>0.1</ScaleZ>
    <RotateX>0</RotateX>
    <RotateY>0</RotateY>
    <RotateZ>0</RotateZ>
  </Wall>
  <Wall>
    <Name>26</Name>
    <RoomName>Room020</RoomName>
    <PositionX>8.227273</PositionX>
    <PositionY>1</PositionY>
    <PositionZ>11.79545</PositionZ>
    <ScaleX>0.863637</ScaleX>
    <ScaleY>2</ScaleY>
    <ScaleZ>0.1</ScaleZ>
    <RotateX>0</RotateX>
    <RotateY>90</RotateY>
    <RotateZ>0</RotateZ>
  </Wall>
  <Wall>
    <Name>27</Name>
    <RoomName>Room008</RoomName>
    <PositionX>23.63636</PositionX>
    <PositionY>1</PositionY>
    <PositionZ>15.77273</PositionZ>
    <ScaleX>1.90909</ScaleX>
    <ScaleY>2</ScaleY>
    <ScaleZ>0.1</ScaleZ>
    <RotateX>0</RotateX>
    <RotateY>90</RotateY>
    <RotateZ>0</RotateZ>
  </Wall>
  <Wall>
    <Name>28</Name>
    <RoomName>Room008</RoomName>
    <PositionX>25.31818</PositionX>
    <PositionY>1</PositionY>
    <PositionZ>16.72727</PositionZ>
    <ScaleX>3.363636</ScaleX>
    <ScaleY>2</ScaleY>
    <ScaleZ>0.1</ScaleZ>
    <RotateX>0</RotateX>
    <RotateY>0</RotateY>
    <RotateZ>0</RotateZ>
  </Wall>
  <Wall>
    <Name>29</Name>
    <RoomName>Room008</RoomName>
    <PositionX>27</PositionX>
    <PositionY>1</PositionY>
    <PositionZ>15.77273</PositionZ>
    <ScaleX>1.90909</ScaleX>
    <ScaleY>2</ScaleY>
    <ScaleZ>0.1</ScaleZ>
    <RotateX>0</RotateX>
    <RotateY>90</RotateY>
    <RotateZ>0</RotateZ>
  </Wall>
  <Wall>
    <Name>30</Name>
    <RoomName>Room008</RoomName>
    <PositionX>25.31818</PositionX>
    <PositionY>1</PositionY>
    <PositionZ>14.81818</PositionZ>
    <ScaleX>3.363636</ScaleX>
    <ScaleY>2</ScaleY>
    <ScaleZ>0.1</ScaleZ>
    <RotateX>0</RotateX>
    <RotateY>0</RotateY>
    <RotateZ>0</RotateZ>
  </Wall>
  <Wall>
    <Name>31</Name>
    <RoomName>Room007</RoomName>
    <PositionX>14.72727</PositionX>
    <PositionY>1</PositionY>
    <PositionZ>15.77273</PositionZ>
    <ScaleX>1.90909</ScaleX>
    <ScaleY>2</ScaleY>
    <ScaleZ>0.1</ScaleZ>
    <RotateX>0</RotateX>
    <RotateY>90</RotateY>
    <RotateZ>0</RotateZ>
  </Wall>
  <Wall>
    <Name>32</Name>
    <RoomName>Room007</RoomName>
    <PositionX>19.18182</PositionX>
    <PositionY>1</PositionY>
    <PositionZ>16.72727</PositionZ>
    <ScaleX>8.909091</ScaleX>
    <ScaleY>2</ScaleY>
    <ScaleZ>0.1</ScaleZ>
    <RotateX>0</RotateX>
    <RotateY>0</RotateY>
    <RotateZ>0</RotateZ>
  </Wall>
  <Wall>
    <Name>33</Name>
    <RoomName>Room007</RoomName>
    <PositionX>23.63636</PositionX>
    <PositionY>1</PositionY>
    <PositionZ>15.77273</PositionZ>
    <ScaleX>1.90909</ScaleX>
    <ScaleY>2</ScaleY>
    <ScaleZ>0.1</ScaleZ>
    <RotateX>0</RotateX>
    <RotateY>90</RotateY>
    <RotateZ>0</RotateZ>
  </Wall>
  <Wall>
    <Name>34</Name>
    <RoomName>Room007</RoomName>
    <PositionX>19.18182</PositionX>
    <PositionY>1</PositionY>
    <PositionZ>14.81818</PositionZ>
    <ScaleX>8.909091</ScaleX>
    <ScaleY>2</ScaleY>
    <ScaleZ>0.1</ScaleZ>
    <RotateX>0</RotateX>
    <RotateY>0</RotateY>
    <RotateZ>0</RotateZ>
  </Wall>
  <Wall>
    <Name>35</Name>
    <RoomName>Room021</RoomName>
    <PositionX>0.5909091</PositionX>
    <PositionY>1</PositionY>
    <PositionZ>16.22727</PositionZ>
    <ScaleX>3.636363</ScaleX>
    <ScaleY>2</ScaleY>
    <ScaleZ>0.1</ScaleZ>
    <RotateX>0</RotateX>
    <RotateY>90</RotateY>
    <RotateZ>0</RotateZ>
  </Wall>
  <Wall>
    <Name>36</Name>
    <RoomName>Room021</RoomName>
    <PositionX>5.954545</PositionX>
    <PositionY>1</PositionY>
    <PositionZ>18.04545</PositionZ>
    <ScaleX>10.72727</ScaleX>
    <ScaleY>2</ScaleY>
    <ScaleZ>0.1</ScaleZ>
    <RotateX>0</RotateX>
    <RotateY>0</RotateY>
    <RotateZ>0</RotateZ>
  </Wall>
  <Wall>
    <Name>37</Name>
    <RoomName>Room021</RoomName>
    <PositionX>11.31818</PositionX>
    <PositionY>1</PositionY>
    <PositionZ>15.13636</PositionZ>
    <ScaleX>5.818181</ScaleX>
    <ScaleY>2</ScaleY>
    <ScaleZ>0.1</ScaleZ>
    <RotateX>0</RotateX>
    <RotateY>90</RotateY>
    <RotateZ>0</RotateZ>
  </Wall>
  <Wall>
    <Name>38</Name>
    <RoomName>Room021</RoomName>
    <PositionX>9.772728</PositionX>
    <PositionY>1</PositionY>
    <PositionZ>12.22727</PositionZ>
    <ScaleX>3.090909</ScaleX>
    <ScaleY>2</ScaleY>
    <ScaleZ>0.1</ScaleZ>
    <RotateX>0</RotateX>
    <RotateY>0</RotateY>
    <RotateZ>0</RotateZ>
  </Wall>
  <Wall>
    <Name>39</Name>
    <RoomName>Room021</RoomName>
    <PositionX>8.227273</PositionX>
    <PositionY>1</PositionY>
    <PositionZ>12.68182</PositionZ>
    <ScaleX>0.909091</ScaleX>
    <ScaleY>2</ScaleY>
    <ScaleZ>0.1</ScaleZ>
    <RotateX>0</RotateX>
    <RotateY>90</RotateY>
    <RotateZ>0</RotateZ>
  </Wall>
  <Wall>
    <Name>40</Name>
    <RoomName>Room021</RoomName>
    <PositionX>6.772727</PositionX>
    <PositionY>1</PositionY>
    <PositionZ>13.13636</PositionZ>
    <ScaleX>2.909091</ScaleX>
    <ScaleY>2</ScaleY>
    <ScaleZ>0.1</ScaleZ>
    <RotateX>0</RotateX>
    <RotateY>0</RotateY>
    <RotateZ>0</RotateZ>
  </Wall>
  <Wall>
    <Name>41</Name>
    <RoomName>Room021</RoomName>
    <PositionX>5.318182</PositionX>
    <PositionY>1</PositionY>
    <PositionZ>13.77273</PositionZ>
    <ScaleX>1.272727</ScaleX>
    <ScaleY>2</ScaleY>
    <ScaleZ>0.1</ScaleZ>
    <RotateX>0</RotateX>
    <RotateY>90</RotateY>
    <RotateZ>0</RotateZ>
  </Wall>
  <Wall>
    <Name>42</Name>
    <RoomName>Room021</RoomName>
    <PositionX>2.954545</PositionX>
    <PositionY>1</PositionY>
    <PositionZ>14.40909</PositionZ>
    <ScaleX>4.727273</ScaleX>
    <ScaleY>2</ScaleY>
    <ScaleZ>0.1</ScaleZ>
    <RotateX>0</RotateX>
    <RotateY>0</RotateY>
    <RotateZ>0</RotateZ>
  </Wall>
  <Wall>
    <Name>43</Name>
    <RoomName>Room023</RoomName>
    <PositionX>8.272727</PositionX>
    <PositionY>1</PositionY>
    <PositionZ>19.25</PositionZ>
    <ScaleX>2.409092</ScaleX>
    <ScaleY>2</ScaleY>
    <ScaleZ>0.1</ScaleZ>
    <RotateX>0</RotateX>
    <RotateY>90</RotateY>
    <RotateZ>0</RotateZ>
  </Wall>
  <Wall>
    <Name>44</Name>
    <RoomName>Room023</RoomName>
    <PositionX>9.795454</PositionX>
    <PositionY>1</PositionY>
    <PositionZ>20.45455</PositionZ>
    <ScaleX>3.045455</ScaleX>
    <ScaleY>2</ScaleY>
    <ScaleZ>0.1</ScaleZ>
    <RotateX>0</RotateX>
    <RotateY>0</RotateY>
    <RotateZ>0</RotateZ>
  </Wall>
  <Wall>
    <Name>45</Name>
    <RoomName>Room023</RoomName>
    <PositionX>11.31818</PositionX>
    <PositionY>1</PositionY>
    <PositionZ>19.25</PositionZ>
    <ScaleX>2.409092</ScaleX>
    <ScaleY>2</ScaleY>
    <ScaleZ>0.1</ScaleZ>
    <RotateX>0</RotateX>
    <RotateY>90</RotateY>
    <RotateZ>0</RotateZ>
  </Wall>
  <Wall>
    <Name>46</Name>
    <RoomName>Room023</RoomName>
    <PositionX>9.795454</PositionX>
    <PositionY>1</PositionY>
    <PositionZ>18.04545</PositionZ>
    <ScaleX>3.045455</ScaleX>
    <ScaleY>2</ScaleY>
    <ScaleZ>0.1</ScaleZ>
    <RotateX>0</RotateX>
    <RotateY>0</RotateY>
    <RotateZ>0</RotateZ>
  </Wall>
  <Wall>
    <Name>47</Name>
    <RoomName>Room022</RoomName>
    <PositionX>0.5909091</PositionX>
    <PositionY>1</PositionY>
    <PositionZ>19.25</PositionZ>
    <ScaleX>2.409092</ScaleX>
    <ScaleY>2</ScaleY>
    <ScaleZ>0.1</ScaleZ>
    <RotateX>0</RotateX>
    <RotateY>90</RotateY>
    <RotateZ>0</RotateZ>
  </Wall>
  <Wall>
    <Name>48</Name>
    <RoomName>Room022</RoomName>
    <PositionX>4.431818</PositionX>
    <PositionY>1</PositionY>
    <PositionZ>20.45455</PositionZ>
    <ScaleX>7.681818</ScaleX>
    <ScaleY>2</ScaleY>
    <ScaleZ>0.1</ScaleZ>
    <RotateX>0</RotateX>
    <RotateY>0</RotateY>
    <RotateZ>0</RotateZ>
  </Wall>
  <Wall>
    <Name>49</Name>
    <RoomName>Room022</RoomName>
    <PositionX>8.272727</PositionX>
    <PositionY>1</PositionY>
    <PositionZ>19.25</PositionZ>
    <ScaleX>2.409092</ScaleX>
    <ScaleY>2</ScaleY>
    <ScaleZ>0.1</ScaleZ>
    <RotateX>0</RotateX>
    <RotateY>90</RotateY>
    <RotateZ>0</RotateZ>
  </Wall>
  <Wall>
    <Name>50</Name>
    <RoomName>Room022</RoomName>
    <PositionX>4.431818</PositionX>
    <PositionY>1</PositionY>
    <PositionZ>18.04545</PositionZ>
    <ScaleX>7.681818</ScaleX>
    <ScaleY>2</ScaleY>
    <ScaleZ>0.1</ScaleZ>
    <RotateX>0</RotateX>
    <RotateY>0</RotateY>
    <RotateZ>0</RotateZ>
  </Wall>
  <Wall>
    <Name>51</Name>
    <RoomName>Room024</RoomName>
    <PositionX>0.5909091</PositionX>
    <PositionY>1</PositionY>
    <PositionZ>24.02273</PositionZ>
    <ScaleX>7.136364</ScaleX>
    <ScaleY>2</ScaleY>
    <ScaleZ>0.1</ScaleZ>
    <RotateX>0</RotateX>
    <RotateY>90</RotateY>
    <RotateZ>0</RotateZ>
  </Wall>
  <Wall>
    <Name>52</Name>
    <RoomName>Room024</RoomName>
    <PositionX>3.068182</PositionX>
    <PositionY>1</PositionY>
    <PositionZ>27.59091</PositionZ>
    <ScaleX>4.954545</ScaleX>
    <ScaleY>2</ScaleY>
    <ScaleZ>0.1</ScaleZ>
    <RotateX>0</RotateX>
    <RotateY>0</RotateY>
    <RotateZ>0</RotateZ>
  </Wall>
  <Wall>
    <Name>53</Name>
    <RoomName>Room024</RoomName>
    <PositionX>5.545455</PositionX>
    <PositionY>1</PositionY>
    <PositionZ>24.02273</PositionZ>
    <ScaleX>7.136364</ScaleX>
    <ScaleY>2</ScaleY>
    <ScaleZ>0.1</ScaleZ>
    <RotateX>0</RotateX>
    <RotateY>90</RotateY>
    <RotateZ>0</RotateZ>
  </Wall>
  <Wall>
    <Name>54</Name>
    <RoomName>Room024</RoomName>
    <PositionX>3.068182</PositionX>
    <PositionY>1</PositionY>
    <PositionZ>20.45455</PositionZ>
    <ScaleX>4.954545</ScaleX>
    <ScaleY>2</ScaleY>
    <ScaleZ>0.1</ScaleZ>
    <RotateX>0</RotateX>
    <RotateY>0</RotateY>
    <RotateZ>0</RotateZ>
  </Wall>
  <Wall>
    <Name>55</Name>
    <RoomName>Room025</RoomName>
    <PositionX>8.431818</PositionX>
    <PositionY>1</PositionY>
    <PositionZ>20.45455</PositionZ>
    <ScaleX>5.772727</ScaleX>
    <ScaleY>2</ScaleY>
    <ScaleZ>0.1</ScaleZ>
    <RotateX>0</RotateX>
    <RotateY>0</RotateY>
    <RotateZ>0</RotateZ>
  </Wall>
  <Wall>
    <Name>56</Name>
    <RoomName>Room025</RoomName>
    <PositionX>11.31818</PositionX>
    <PositionY>1</PositionY>
    <PositionZ>24.02273</PositionZ>
    <ScaleX>7.136364</ScaleX>
    <ScaleY>2</ScaleY>
    <ScaleZ>0.1</ScaleZ>
    <RotateX>0</RotateX>
    <RotateY>90</RotateY>
    <RotateZ>0</RotateZ>
  </Wall>
  <Wall>
    <Name>57</Name>
    <RoomName>Room025</RoomName>
    <PositionX>8.431818</PositionX>
    <PositionY>1</PositionY>
    <PositionZ>27.59091</PositionZ>
    <ScaleX>5.772727</ScaleX>
    <ScaleY>2</ScaleY>
    <ScaleZ>0.1</ScaleZ>
    <RotateX>0</RotateX>
    <RotateY>0</RotateY>
    <RotateZ>0</RotateZ>
  </Wall>
  <Wall>
    <Name>58</Name>
    <RoomName>Room025</RoomName>
    <PositionX>5.545455</PositionX>
    <PositionY>1</PositionY>
    <PositionZ>24.02273</PositionZ>
    <ScaleX>7.136364</ScaleX>
    <ScaleY>2</ScaleY>
    <ScaleZ>0.1</ScaleZ>
    <RotateX>0</RotateX>
    <RotateY>90</RotateY>
    <RotateZ>0</RotateZ>
  </Wall>
  <Wall>
    <Name>59</Name>
    <RoomName>Room010</RoomName>
    <PositionX>15.09091</PositionX>
    <PositionY>1</PositionY>
    <PositionZ>16.72727</PositionZ>
    <ScaleX>2.272727</ScaleX>
    <ScaleY>2</ScaleY>
    <ScaleZ>0.1</ScaleZ>
    <RotateX>0</RotateX>
    <RotateY>0</RotateY>
    <RotateZ>0</RotateZ>
  </Wall>
  <Wall>
    <Name>60</Name>
    <RoomName>Room010</RoomName>
    <PositionX>16.22727</PositionX>
    <PositionY>1</PositionY>
    <PositionZ>20.79545</PositionZ>
    <ScaleX>8.136364</ScaleX>
    <ScaleY>2</ScaleY>
    <ScaleZ>0.1</ScaleZ>
    <RotateX>0</RotateX>
    <RotateY>90</RotateY>
    <RotateZ>0</RotateZ>
  </Wall>
  <Wall>
    <Name>61</Name>
    <RoomName>Room010</RoomName>
    <PositionX>15.09091</PositionX>
    <PositionY>1</PositionY>
    <PositionZ>24.86364</PositionZ>
    <ScaleX>2.272727</ScaleX>
    <ScaleY>2</ScaleY>
    <ScaleZ>0.1</ScaleZ>
    <RotateX>0</RotateX>
    <RotateY>0</RotateY>
    <RotateZ>0</RotateZ>
  </Wall>
  <Wall>
    <Name>62</Name>
    <RoomName>Room010</RoomName>
    <PositionX>13.95455</PositionX>
    <PositionY>1</PositionY>
    <PositionZ>20.79545</PositionZ>
    <ScaleX>8.136364</ScaleX>
    <ScaleY>2</ScaleY>
    <ScaleZ>0.1</ScaleZ>
    <RotateX>0</RotateX>
    <RotateY>90</RotateY>
    <RotateZ>0</RotateZ>
  </Wall>
  <Wall>
    <Name>63</Name>
    <RoomName>Room011</RoomName>
    <PositionX>27</PositionX>
    <PositionY>1</PositionY>
    <PositionZ>16.43182</PositionZ>
    <ScaleX>3.954545</ScaleX>
    <ScaleY>2</ScaleY>
    <ScaleZ>0.1</ScaleZ>
    <RotateX>0</RotateX>
    <RotateY>90</RotateY>
    <RotateZ>0</RotateZ>
  </Wall>
  <Wall>
    <Name>64</Name>
    <RoomName>Room011</RoomName>
    <PositionX>29.18182</PositionX>
    <PositionY>1</PositionY>
    <PositionZ>18.40909</PositionZ>
    <ScaleX>4.363636</ScaleX>
    <ScaleY>2</ScaleY>
    <ScaleZ>0.1</ScaleZ>
    <RotateX>0</RotateX>
    <RotateY>0</RotateY>
    <RotateZ>0</RotateZ>
  </Wall>
  <Wall>
    <Name>65</Name>
    <RoomName>Room011</RoomName>
    <PositionX>31.36364</PositionX>
    <PositionY>1</PositionY>
    <PositionZ>16.43182</PositionZ>
    <ScaleX>3.954545</ScaleX>
    <ScaleY>2</ScaleY>
    <ScaleZ>0.1</ScaleZ>
    <RotateX>0</RotateX>
    <RotateY>90</RotateY>
    <RotateZ>0</RotateZ>
  </Wall>
  <Wall>
    <Name>66</Name>
    <RoomName>Room011</RoomName>
    <PositionX>29.18182</PositionX>
    <PositionY>1</PositionY>
    <PositionZ>14.45455</PositionZ>
    <ScaleX>4.363636</ScaleX>
    <ScaleY>2</ScaleY>
    <ScaleZ>0.1</ScaleZ>
    <RotateX>0</RotateX>
    <RotateY>0</RotateY>
    <RotateZ>0</RotateZ>
  </Wall>
  <Wall>
    <Name>67</Name>
    <RoomName>Room012</RoomName>
    <PositionX>27</PositionX>
    <PositionY>1</PositionY>
    <PositionZ>22.5</PositionZ>
    <ScaleX>8.18182</ScaleX>
    <ScaleY>2</ScaleY>
    <ScaleZ>0.1</ScaleZ>
    <RotateX>0</RotateX>
    <RotateY>90</RotateY>
    <RotateZ>0</RotateZ>
  </Wall>
  <Wall>
    <Name>68</Name>
    <RoomName>Room012</RoomName>
    <PositionX>29.18182</PositionX>
    <PositionY>1</PositionY>
    <PositionZ>26.59091</PositionZ>
    <ScaleX>4.363636</ScaleX>
    <ScaleY>2</ScaleY>
    <ScaleZ>0.1</ScaleZ>
    <RotateX>0</RotateX>
    <RotateY>0</RotateY>
    <RotateZ>0</RotateZ>
  </Wall>
  <Wall>
    <Name>69</Name>
    <RoomName>Room012</RoomName>
    <PositionX>31.36364</PositionX>
    <PositionY>1</PositionY>
    <PositionZ>22.5</PositionZ>
    <ScaleX>8.18182</ScaleX>
    <ScaleY>2</ScaleY>
    <ScaleZ>0.1</ScaleZ>
    <RotateX>0</RotateX>
    <RotateY>90</RotateY>
    <RotateZ>0</RotateZ>
  </Wall>
  <Wall>
    <Name>70</Name>
    <RoomName>Room012</RoomName>
    <PositionX>29.18182</PositionX>
    <PositionY>1</PositionY>
    <PositionZ>18.40909</PositionZ>
    <ScaleX>4.363636</ScaleX>
    <ScaleY>2</ScaleY>
    <ScaleZ>0.1</ScaleZ>
    <RotateX>0</RotateX>
    <RotateY>0</RotateY>
    <RotateZ>0</RotateZ>
  </Wall>
  <Wall>
    <Name>71</Name>
    <RoomName>Room013</RoomName>
    <PositionX>13.72727</PositionX>
    <PositionY>1</PositionY>
    <PositionZ>33.68182</PositionZ>
    <ScaleX>6.545454</ScaleX>
    <ScaleY>2</ScaleY>
    <ScaleZ>0.1</ScaleZ>
    <RotateX>0</RotateX>
    <RotateY>90</RotateY>
    <RotateZ>0</RotateZ>
  </Wall>
  <Wall>
    <Name>72</Name>
    <RoomName>Room013</RoomName>
    <PositionX>15.40909</PositionX>
    <PositionY>1</PositionY>
    <PositionZ>36.95454</PositionZ>
    <ScaleX>3.363637</ScaleX>
    <ScaleY>2</ScaleY>
    <ScaleZ>0.1</ScaleZ>
    <RotateX>0</RotateX>
    <RotateY>0</RotateY>
    <RotateZ>0</RotateZ>
  </Wall>
  <Wall>
    <Name>73</Name>
    <RoomName>Room013</RoomName>
    <PositionX>17.09091</PositionX>
    <PositionY>1</PositionY>
    <PositionZ>33.68182</PositionZ>
    <ScaleX>6.545454</ScaleX>
    <ScaleY>2</ScaleY>
    <ScaleZ>0.1</ScaleZ>
    <RotateX>0</RotateX>
    <RotateY>90</RotateY>
    <RotateZ>0</RotateZ>
  </Wall>
  <Wall>
    <Name>74</Name>
    <RoomName>Room013</RoomName>
    <PositionX>15.40909</PositionX>
    <PositionY>1</PositionY>
    <PositionZ>30.40909</PositionZ>
    <ScaleX>3.363637</ScaleX>
    <ScaleY>2</ScaleY>
    <ScaleZ>0.1</ScaleZ>
    <RotateX>0</RotateX>
    <RotateY>0</RotateY>
    <RotateZ>0</RotateZ>
  </Wall>
  <Wall>
    <Name>75</Name>
    <RoomName>Room015</RoomName>
    <PositionX>19.63636</PositionX>
    <PositionY>1</PositionY>
    <PositionZ>32.25</PositionZ>
    <ScaleX>3.681818</ScaleX>
    <ScaleY>2</ScaleY>
    <ScaleZ>0.1</ScaleZ>
    <RotateX>0</RotateX>
    <RotateY>90</RotateY>
    <RotateZ>0</RotateZ>
  </Wall>
  <Wall>
    <Name>76</Name>
    <RoomName>Room015</RoomName>
    <PositionX>18.36364</PositionX>
    <PositionY>1</PositionY>
    <PositionZ>34.09091</PositionZ>
    <ScaleX>2.545454</ScaleX>
    <ScaleY>2</ScaleY>
    <ScaleZ>0.1</ScaleZ>
    <RotateX>0</RotateX>
    <RotateY>0</RotateY>
    <RotateZ>0</RotateZ>
  </Wall>
  <Wall>
    <Name>77</Name>
    <RoomName>Room015</RoomName>
    <PositionX>17.09091</PositionX>
    <PositionY>1</PositionY>
    <PositionZ>32.25</PositionZ>
    <ScaleX>3.681818</ScaleX>
    <ScaleY>2</ScaleY>
    <ScaleZ>0.1</ScaleZ>
    <RotateX>0</RotateX>
    <RotateY>90</RotateY>
    <RotateZ>0</RotateZ>
  </Wall>
  <Wall>
    <Name>78</Name>
    <RoomName>Room015</RoomName>
    <PositionX>18.36364</PositionX>
    <PositionY>1</PositionY>
    <PositionZ>30.40909</PositionZ>
    <ScaleX>2.545454</ScaleX>
    <ScaleY>2</ScaleY>
    <ScaleZ>0.1</ScaleZ>
    <RotateX>0</RotateX>
    <RotateY>0</RotateY>
    <RotateZ>0</RotateZ>
  </Wall>
  <Wall>
    <Name>79</Name>
    <RoomName>2016-07-24 23:21:53.895</RoomName>
    <PositionX>20.93182</PositionX>
    <PositionY>1</PositionY>
    <PositionZ>30.40909</PositionZ>
    <ScaleX>2.590908</ScaleX>
    <ScaleY>2</ScaleY>
    <ScaleZ>0.1</ScaleZ>
    <RotateX>0</RotateX>
    <RotateY>0</RotateY>
    <RotateZ>0</RotateZ>
  </Wall>
  <Wall>
    <Name>80</Name>
    <RoomName>2016-07-24 23:21:53.895</RoomName>
    <PositionX>22.22727</PositionX>
    <PositionY>1</PositionY>
    <PositionZ>32.25</PositionZ>
    <ScaleX>3.681818</ScaleX>
    <ScaleY>2</ScaleY>
    <ScaleZ>0.1</ScaleZ>
    <RotateX>0</RotateX>
    <RotateY>90</RotateY>
    <RotateZ>0</RotateZ>
  </Wall>
  <Wall>
    <Name>81</Name>
    <RoomName>2016-07-24 23:21:53.895</RoomName>
    <PositionX>20.93182</PositionX>
    <PositionY>1</PositionY>
    <PositionZ>34.09091</PositionZ>
    <ScaleX>2.590908</ScaleX>
    <ScaleY>2</ScaleY>
    <ScaleZ>0.1</ScaleZ>
    <RotateX>0</RotateX>
    <RotateY>0</RotateY>
    <RotateZ>0</RotateZ>
  </Wall>
  <Wall>
    <Name>82</Name>
    <RoomName>2016-07-24 23:21:53.895</RoomName>
    <PositionX>19.63636</PositionX>
    <PositionY>1</PositionY>
    <PositionZ>32.25</PositionZ>
    <ScaleX>3.681818</ScaleX>
    <ScaleY>2</ScaleY>
    <ScaleZ>0.1</ScaleZ>
    <RotateX>0</RotateX>
    <RotateY>90</RotateY>
    <RotateZ>0</RotateZ>
  </Wall>
  <Wall>
    <Name>83</Name>
    <RoomName>Room014</RoomName>
    <PositionX>13.72727</PositionX>
    <PositionY>1</PositionY>
    <PositionZ>38</PositionZ>
    <ScaleX>2.090912</ScaleX>
    <ScaleY>2</ScaleY>
    <ScaleZ>0.1</ScaleZ>
    <RotateX>0</RotateX>
    <RotateY>90</RotateY>
    <RotateZ>0</RotateZ>
  </Wall>
  <Wall>
    <Name>84</Name>
    <RoomName>Room014</RoomName>
    <PositionX>15.61364</PositionX>
    <PositionY>1</PositionY>
    <PositionZ>39.04546</PositionZ>
    <ScaleX>3.772727</ScaleX>
    <ScaleY>2</ScaleY>
    <ScaleZ>0.1</ScaleZ>
    <RotateX>0</RotateX>
    <RotateY>0</RotateY>
    <RotateZ>0</RotateZ>
  </Wall>
  <Wall>
    <Name>85</Name>
    <RoomName>Room014</RoomName>
    <PositionX>17.5</PositionX>
    <PositionY>1</PositionY>
    <PositionZ>38</PositionZ>
    <ScaleX>2.090912</ScaleX>
    <ScaleY>2</ScaleY>
    <ScaleZ>0.1</ScaleZ>
    <RotateX>0</RotateX>
    <RotateY>90</RotateY>
    <RotateZ>0</RotateZ>
  </Wall>
  <Wall>
    <Name>86</Name>
    <RoomName>Room014</RoomName>
    <PositionX>15.61364</PositionX>
    <PositionY>1</PositionY>
    <PositionZ>36.95454</PositionZ>
    <ScaleX>3.772727</ScaleX>
    <ScaleY>2</ScaleY>
    <ScaleZ>0.1</ScaleZ>
    <RotateX>0</RotateX>
    <RotateY>0</RotateY>
    <RotateZ>0</RotateZ>
  </Wall>
  <Wall>
    <Name>87</Name>
    <RoomName>Room003</RoomName>
    <PositionX>16.04545</PositionX>
    <PositionY>1</PositionY>
    <PositionZ>5.909091</PositionZ>
    <ScaleX>3.090909</ScaleX>
    <ScaleY>2</ScaleY>
    <ScaleZ>0.1</ScaleZ>
    <RotateX>0</RotateX>
    <RotateY>90</RotateY>
    <RotateZ>0</RotateZ>
  </Wall>
  <Wall>
    <Name>88</Name>
    <RoomName>Room003</RoomName>
    <PositionX>21.52273</PositionX>
    <PositionY>1</PositionY>
    <PositionZ>4.386364</PositionZ>
    <ScaleX>10.95464</ScaleX>
    <ScaleY>2</ScaleY>
    <ScaleZ>0.1</ScaleZ>
    <RotateX>0</RotateX>
    <RotateY>359.7623</RotateY>
    <RotateZ>0</RotateZ>
  </Wall>
  <Wall>
    <Name>89</Name>
    <RoomName>Room003</RoomName>
    <PositionX>27</PositionX>
    <PositionY>1</PositionY>
    <PositionZ>6.909091</PositionZ>
    <ScaleX>5</ScaleX>
    <ScaleY>2</ScaleY>
    <ScaleZ>0.1</ScaleZ>
    <RotateX>0</RotateX>
    <RotateY>90</RotateY>
    <RotateZ>0</RotateZ>
  </Wall>
  <Wall>
    <Name>90</Name>
    <RoomName>Room003</RoomName>
    <PositionX>21.79546</PositionX>
    <PositionY>1</PositionY>
    <PositionZ>9.409091</PositionZ>
    <ScaleX>10.40909</ScaleX>
    <ScaleY>2</ScaleY>
    <ScaleZ>0.1</ScaleZ>
    <RotateX>0</RotateX>
    <RotateY>0</RotateY>
    <RotateZ>0</RotateZ>
  </Wall>
  <Wall>
    <Name>91</Name>
    <RoomName>Room003</RoomName>
    <PositionX>16.59091</PositionX>
    <PositionY>1</PositionY>
    <PositionZ>9.25</PositionZ>
    <ScaleX>0.318182</ScaleX>
    <ScaleY>2</ScaleY>
    <ScaleZ>0.1</ScaleZ>
    <RotateX>0</RotateX>
    <RotateY>90</RotateY>
    <RotateZ>0</RotateZ>
  </Wall>
  <Wall>
    <Name>92</Name>
    <RoomName>Room003</RoomName>
    <PositionX>15.75</PositionX>
    <PositionY>1</PositionY>
    <PositionZ>9.090909</PositionZ>
    <ScaleX>1.681819</ScaleX>
    <ScaleY>2</ScaleY>
    <ScaleZ>0.1</ScaleZ>
    <RotateX>0</RotateX>
    <RotateY>0</RotateY>
    <RotateZ>0</RotateZ>
  </Wall>
  <Wall>
    <Name>93</Name>
    <RoomName>Room003</RoomName>
    <PositionX>14.90909</PositionX>
    <PositionY>1</PositionY>
    <PositionZ>8.272727</PositionZ>
    <ScaleX>1.636364</ScaleX>
    <ScaleY>2</ScaleY>
    <ScaleZ>0.1</ScaleZ>
    <RotateX>0</RotateX>
    <RotateY>90</RotateY>
    <RotateZ>0</RotateZ>
  </Wall>
  <Wall>
    <Name>94</Name>
    <RoomName>Room003</RoomName>
    <PositionX>15.47727</PositionX>
    <PositionY>1</PositionY>
    <PositionZ>7.454545</PositionZ>
    <ScaleX>1.136363</ScaleX>
    <ScaleY>2</ScaleY>
    <ScaleZ>0.1</ScaleZ>
    <RotateX>0</RotateX>
    <RotateY>0</RotateY>
    <RotateZ>0</RotateZ>
  </Wall>
  <Wall>
    <Name>95</Name>
    <RoomName>Room005</RoomName>
    <PositionX>16.59091</PositionX>
    <PositionY>1</PositionY>
    <PositionZ>9.363636</PositionZ>
    <ScaleX>0.545455</ScaleX>
    <ScaleY>2</ScaleY>
    <ScaleZ>0.1</ScaleZ>
    <RotateX>0</RotateX>
    <RotateY>90</RotateY>
    <RotateZ>0</RotateZ>
  </Wall>
  <Wall>
    <Name>96</Name>
    <RoomName>Room005</RoomName>
    <PositionX>16.31818</PositionX>
    <PositionY>1</PositionY>
    <PositionZ>9.636364</PositionZ>
    <ScaleX>0.5454559</ScaleX>
    <ScaleY>2</ScaleY>
    <ScaleZ>0.1</ScaleZ>
    <RotateX>0</RotateX>
    <RotateY>0</RotateY>
    <RotateZ>0</RotateZ>
  </Wall>
  <Wall>
    <Name>97</Name>
    <RoomName>Room005</RoomName>
    <PositionX>16.04545</PositionX>
    <PositionY>1</PositionY>
    <PositionZ>11.38636</PositionZ>
    <ScaleX>3.5</ScaleX>
    <ScaleY>2</ScaleY>
    <ScaleZ>0.1</ScaleZ>
    <RotateX>0</RotateX>
    <RotateY>90</RotateY>
    <RotateZ>0</RotateZ>
  </Wall>
  <Wall>
    <Name>98</Name>
    <RoomName>Room005</RoomName>
    <PositionX>15</PositionX>
    <PositionY>1</PositionY>
    <PositionZ>13.13636</PositionZ>
    <ScaleX>2.090909</ScaleX>
    <ScaleY>2</ScaleY>
    <ScaleZ>0.1</ScaleZ>
    <RotateX>0</RotateX>
    <RotateY>0</RotateY>
    <RotateZ>0</RotateZ>
  </Wall>
  <Wall>
    <Name>99</Name>
    <RoomName>Room005</RoomName>
    <PositionX>13.95455</PositionX>
    <PositionY>1</PositionY>
    <PositionZ>11.11364</PositionZ>
    <ScaleX>4.045455</ScaleX>
    <ScaleY>2</ScaleY>
    <ScaleZ>0.1</ScaleZ>
    <RotateX>0</RotateX>
    <RotateY>90</RotateY>
    <RotateZ>0</RotateZ>
  </Wall>
  <Wall>
    <Name>100</Name>
    <RoomName>Room005</RoomName>
    <PositionX>15.27273</PositionX>
    <PositionY>1</PositionY>
    <PositionZ>9.090909</PositionZ>
    <ScaleX>2.636365</ScaleX>
    <ScaleY>2</ScaleY>
    <ScaleZ>0.1</ScaleZ>
    <RotateX>0</RotateX>
    <RotateY>0</RotateY>
    <RotateZ>0</RotateZ>
  </Wall>
  <Wall>
    <Name>101</Name>
    <RoomName>Room004</RoomName>
    <PositionX>16.59091</PositionX>
    <PositionY>1</PositionY>
    <PositionZ>9.522728</PositionZ>
    <ScaleX>0.227273</ScaleX>
    <ScaleY>2</ScaleY>
    <ScaleZ>0.1</ScaleZ>
    <RotateX>0</RotateX>
    <RotateY>90</RotateY>
    <RotateZ>0</RotateZ>
  </Wall>
  <Wall>
    <Name>102</Name>
    <RoomName>Room004</RoomName>
    <PositionX>16.31818</PositionX>
    <PositionY>1</PositionY>
    <PositionZ>9.636364</PositionZ>
    <ScaleX>0.5454559</ScaleX>
    <ScaleY>2</ScaleY>
    <ScaleZ>0.1</ScaleZ>
    <RotateX>0</RotateX>
    <RotateY>0</RotateY>
    <RotateZ>0</RotateZ>
  </Wall>
  <Wall>
    <Name>103</Name>
    <RoomName>Room004</RoomName>
    <PositionX>16.04545</PositionX>
    <PositionY>1</PositionY>
    <PositionZ>11.38636</PositionZ>
    <ScaleX>3.5</ScaleX>
    <ScaleY>2</ScaleY>
    <ScaleZ>0.1</ScaleZ>
    <RotateX>0</RotateX>
    <RotateY>90</RotateY>
    <RotateZ>0</RotateZ>
  </Wall>
  <Wall>
    <Name>104</Name>
    <RoomName>Room004</RoomName>
    <PositionX>15.38636</PositionX>
    <PositionY>1</PositionY>
    <PositionZ>13.13636</PositionZ>
    <ScaleX>1.318181</ScaleX>
    <ScaleY>2</ScaleY>
    <ScaleZ>0.1</ScaleZ>
    <RotateX>0</RotateX>
    <RotateY>0</RotateY>
    <RotateZ>0</RotateZ>
  </Wall>
  <Wall>
    <Name>105</Name>
    <RoomName>Room004</RoomName>
    <PositionX>14.72727</PositionX>
    <PositionY>1</PositionY>
    <PositionZ>13.97727</PositionZ>
    <ScaleX>1.681818</ScaleX>
    <ScaleY>2</ScaleY>
    <ScaleZ>0.1</ScaleZ>
    <RotateX>0</RotateX>
    <RotateY>90</RotateY>
    <RotateZ>0</RotateZ>
  </Wall>
  <Wall>
    <Name>106</Name>
    <RoomName>Room004</RoomName>
    <PositionX>20.86364</PositionX>
    <PositionY>1</PositionY>
    <PositionZ>14.81818</PositionZ>
    <ScaleX>12.27273</ScaleX>
    <ScaleY>2</ScaleY>
    <ScaleZ>0.1</ScaleZ>
    <RotateX>0</RotateX>
    <RotateY>0</RotateY>
    <RotateZ>0</RotateZ>
  </Wall>
  <Wall>
    <Name>107</Name>
    <RoomName>Room004</RoomName>
    <PositionX>27</PositionX>
    <PositionY>1</PositionY>
    <PositionZ>12.11364</PositionZ>
    <ScaleX>5.409091</ScaleX>
    <ScaleY>2</ScaleY>
    <ScaleZ>0.1</ScaleZ>
    <RotateX>0</RotateX>
    <RotateY>90</RotateY>
    <RotateZ>0</RotateZ>
  </Wall>
  <Wall>
    <Name>108</Name>
    <RoomName>Room004</RoomName>
    <PositionX>21.79546</PositionX>
    <PositionY>1</PositionY>
    <PositionZ>9.409091</PositionZ>
    <ScaleX>10.40909</ScaleX>
    <ScaleY>2</ScaleY>
    <ScaleZ>0.1</ScaleZ>
    <RotateX>0</RotateX>
    <RotateY>0</RotateY>
    <RotateZ>0</RotateZ>
  </Wall>
  <Wall>
    <Name>109</Name>
    <RoomName>Room009</RoomName>
    <PositionX>16.22727</PositionX>
    <PositionY>1</PositionY>
    <PositionZ>20.79545</PositionZ>
    <ScaleX>8.136364</ScaleX>
    <ScaleY>2</ScaleY>
    <ScaleZ>0.1</ScaleZ>
    <RotateX>0</RotateX>
    <RotateY>90</RotateY>
    <RotateZ>0</RotateZ>
  </Wall>
  <Wall>
    <Name>110</Name>
    <RoomName>Room009</RoomName>
    <PositionX>21.61364</PositionX>
    <PositionY>1</PositionY>
    <PositionZ>16.72727</PositionZ>
    <ScaleX>10.77273</ScaleX>
    <ScaleY>2</ScaleY>
    <ScaleZ>0.1</ScaleZ>
    <RotateX>0</RotateX>
    <RotateY>0</RotateY>
    <RotateZ>0</RotateZ>
  </Wall>
  <Wall>
    <Name>111</Name>
    <RoomName>Room009</RoomName>
    <PositionX>27</PositionX>
    <PositionY>1</PositionY>
    <PositionZ>21.65909</PositionZ>
    <ScaleX>9.863638</ScaleX>
    <ScaleY>2</ScaleY>
    <ScaleZ>0.1</ScaleZ>
    <RotateX>0</RotateX>
    <RotateY>90</RotateY>
    <RotateZ>0</RotateZ>
  </Wall>
  <Wall>
    <Name>112</Name>
    <RoomName>Room009</RoomName>
    <PositionX>25.15909</PositionX>
    <PositionY>1</PositionY>
    <PositionZ>26.59091</PositionZ>
    <ScaleX>3.681818</ScaleX>
    <ScaleY>2</ScaleY>
    <ScaleZ>0.1</ScaleZ>
    <RotateX>0</RotateX>
    <RotateY>0</RotateY>
    <RotateZ>0</RotateZ>
  </Wall>
  <Wall>
    <Name>113</Name>
    <RoomName>Room009</RoomName>
    <PositionX>23.31818</PositionX>
    <PositionY>1</PositionY>
    <PositionZ>27.06818</PositionZ>
    <ScaleX>0.9545441</ScaleX>
    <ScaleY>2</ScaleY>
    <ScaleZ>0.1</ScaleZ>
    <RotateX>0</RotateX>
    <RotateY>90</RotateY>
    <RotateZ>0</RotateZ>
  </Wall>
  <Wall>
    <Name>114</Name>
    <RoomName>Room009</RoomName>
    <PositionX>18.63636</PositionX>
    <PositionY>1</PositionY>
    <PositionZ>27.54545</PositionZ>
    <ScaleX>9.363637</ScaleX>
    <ScaleY>2</ScaleY>
    <ScaleZ>0.1</ScaleZ>
    <RotateX>0</RotateX>
    <RotateY>0</RotateY>
    <RotateZ>0</RotateZ>
  </Wall>
  <Wall>
    <Name>115</Name>
    <RoomName>Room009</RoomName>
    <PositionX>13.95455</PositionX>
    <PositionY>1</PositionY>
    <PositionZ>26.20454</PositionZ>
    <ScaleX>2.681818</ScaleX>
    <ScaleY>2</ScaleY>
    <ScaleZ>0.1</ScaleZ>
    <RotateX>0</RotateX>
    <RotateY>90</RotateY>
    <RotateZ>0</RotateZ>
  </Wall>
  <Wall>
    <Name>116</Name>
    <RoomName>Room009</RoomName>
    <PositionX>15.09091</PositionX>
    <PositionY>1</PositionY>
    <PositionZ>24.86364</PositionZ>
    <ScaleX>2.272727</ScaleX>
    <ScaleY>2</ScaleY>
    <ScaleZ>0.1</ScaleZ>
    <RotateX>0</RotateX>
    <RotateY>0</RotateY>
    <RotateZ>0</RotateZ>
  </Wall>
  <Wall>
    <Name>117</Name>
    <RoomName>Room006</RoomName>
    <PositionX>14.90909</PositionX>
    <PositionY>1</PositionY>
    <PositionZ>8.272727</PositionZ>
    <ScaleX>1.636364</ScaleX>
    <ScaleY>2</ScaleY>
    <ScaleZ>0.1</ScaleZ>
    <RotateX>0</RotateX>
    <RotateY>90</RotateY>
    <RotateZ>0</RotateZ>
  </Wall>
  <Wall>
    <Name>118</Name>
    <RoomName>Room006</RoomName>
    <PositionX>14.43182</PositionX>
    <PositionY>1</PositionY>
    <PositionZ>9.090909</PositionZ>
    <ScaleX>0.954546</ScaleX>
    <ScaleY>2</ScaleY>
    <ScaleZ>0.1</ScaleZ>
    <RotateX>0</RotateX>
    <RotateY>0</RotateY>
    <RotateZ>0</RotateZ>
  </Wall>
  <Wall>
    <Name>119</Name>
    <RoomName>Room006</RoomName>
    <PositionX>13.95455</PositionX>
    <PositionY>1</PositionY>
    <PositionZ>11.11364</PositionZ>
    <ScaleX>4.045455</ScaleX>
    <ScaleY>2</ScaleY>
    <ScaleZ>0.1</ScaleZ>
    <RotateX>0</RotateX>
    <RotateY>90</RotateY>
    <RotateZ>0</RotateZ>
  </Wall>
  <Wall>
    <Name>120</Name>
    <RoomName>Room006</RoomName>
    <PositionX>14.34091</PositionX>
    <PositionY>1</PositionY>
    <PositionZ>13.13636</PositionZ>
    <ScaleX>0.772728</ScaleX>
    <ScaleY>2</ScaleY>
    <ScaleZ>0.1</ScaleZ>
    <RotateX>0</RotateX>
    <RotateY>0</RotateY>
    <RotateZ>0</RotateZ>
  </Wall>
  <Wall>
    <Name>121</Name>
    <RoomName>Room006</RoomName>
    <PositionX>14.72727</PositionX>
    <PositionY>1</PositionY>
    <PositionZ>13.97727</PositionZ>
    <ScaleX>1.681818</ScaleX>
    <ScaleY>2</ScaleY>
    <ScaleZ>0.1</ScaleZ>
    <RotateX>0</RotateX>
    <RotateY>90</RotateY>
    <RotateZ>0</RotateZ>
  </Wall>
  <Wall>
    <Name>122</Name>
    <RoomName>Room006</RoomName>
    <PositionX>14.72727</PositionX>
    <PositionY>1</PositionY>
    <PositionZ>15.77273</PositionZ>
    <ScaleX>1.90909</ScaleX>
    <ScaleY>2</ScaleY>
    <ScaleZ>0.1</ScaleZ>
    <RotateX>0</RotateX>
    <RotateY>90</RotateY>
    <RotateZ>0</RotateZ>
  </Wall>
  <Wall>
    <Name>123</Name>
    <RoomName>Room006</RoomName>
    <PositionX>14.34091</PositionX>
    <PositionY>1</PositionY>
    <PositionZ>16.72727</PositionZ>
    <ScaleX>0.772728</ScaleX>
    <ScaleY>2</ScaleY>
    <ScaleZ>0.1</ScaleZ>
    <RotateX>0</RotateX>
    <RotateY>0</RotateY>
    <RotateZ>0</RotateZ>
  </Wall>
  <Wall>
    <Name>124</Name>
    <RoomName>Room006</RoomName>
    <PositionX>13.95455</PositionX>
    <PositionY>1</PositionY>
    <PositionZ>20.79545</PositionZ>
    <ScaleX>8.136364</ScaleX>
    <ScaleY>2</ScaleY>
    <ScaleZ>0.1</ScaleZ>
    <RotateX>0</RotateX>
    <RotateY>90</RotateY>
    <RotateZ>0</RotateZ>
  </Wall>
  <Wall>
    <Name>125</Name>
    <RoomName>Room006</RoomName>
    <PositionX>13.95455</PositionX>
    <PositionY>1</PositionY>
    <PositionZ>26.20454</PositionZ>
    <ScaleX>2.681818</ScaleX>
    <ScaleY>2</ScaleY>
    <ScaleZ>0.1</ScaleZ>
    <RotateX>0</RotateX>
    <RotateY>90</RotateY>
    <RotateZ>0</RotateZ>
  </Wall>
  <Wall>
    <Name>126</Name>
    <RoomName>Room006</RoomName>
    <PositionX>18.63636</PositionX>
    <PositionY>1</PositionY>
    <PositionZ>27.54545</PositionZ>
    <ScaleX>9.363637</ScaleX>
    <ScaleY>2</ScaleY>
    <ScaleZ>0.1</ScaleZ>
    <RotateX>0</RotateX>
    <RotateY>0</RotateY>
    <RotateZ>0</RotateZ>
  </Wall>
  <Wall>
    <Name>127</Name>
    <RoomName>Room006</RoomName>
    <PositionX>23.70455</PositionX>
    <PositionY>1</PositionY>
    <PositionZ>27.54545</PositionZ>
    <ScaleX>0.772728</ScaleX>
    <ScaleY>2</ScaleY>
    <ScaleZ>0.1</ScaleZ>
    <RotateX>0</RotateX>
    <RotateY>0</RotateY>
    <RotateZ>0</RotateZ>
  </Wall>
  <Wall>
    <Name>128</Name>
    <RoomName>Room006</RoomName>
    <PositionX>24.09091</PositionX>
    <PositionY>1</PositionY>
    <PositionZ>29.20454</PositionZ>
    <ScaleX>3.318182</ScaleX>
    <ScaleY>2</ScaleY>
    <ScaleZ>0.1</ScaleZ>
    <RotateX>0</RotateX>
    <RotateY>90</RotateY>
    <RotateZ>0</RotateZ>
  </Wall>
  <Wall>
    <Name>129</Name>
    <RoomName>Room006</RoomName>
    <PositionX>23.15909</PositionX>
    <PositionY>1</PositionY>
    <PositionZ>30.86364</PositionZ>
    <ScaleX>1.863638</ScaleX>
    <ScaleY>2</ScaleY>
    <ScaleZ>0.1</ScaleZ>
    <RotateX>0</RotateX>
    <RotateY>0</RotateY>
    <RotateZ>0</RotateZ>
  </Wall>
  <Wall>
    <Name>130</Name>
    <RoomName>Room006</RoomName>
    <PositionX>22.22727</PositionX>
    <PositionY>1</PositionY>
    <PositionZ>30.63636</PositionZ>
    <ScaleX>0.454546</ScaleX>
    <ScaleY>2</ScaleY>
    <ScaleZ>0.1</ScaleZ>
    <RotateX>0</RotateX>
    <RotateY>90</RotateY>
    <RotateZ>0</RotateZ>
  </Wall>
  <Wall>
    <Name>131</Name>
    <RoomName>Room006</RoomName>
    <PositionX>20.93182</PositionX>
    <PositionY>1</PositionY>
    <PositionZ>30.40909</PositionZ>
    <ScaleX>2.590908</ScaleX>
    <ScaleY>2</ScaleY>
    <ScaleZ>0.1</ScaleZ>
    <RotateX>0</RotateX>
    <RotateY>0</RotateY>
    <RotateZ>0</RotateZ>
  </Wall>
  <Wall>
    <Name>132</Name>
    <RoomName>Room006</RoomName>
    <PositionX>18.36364</PositionX>
    <PositionY>1</PositionY>
    <PositionZ>30.40909</PositionZ>
    <ScaleX>2.545454</ScaleX>
    <ScaleY>2</ScaleY>
    <ScaleZ>0.1</ScaleZ>
    <RotateX>0</RotateX>
    <RotateY>0</RotateY>
    <RotateZ>0</RotateZ>
  </Wall>
  <Wall>
    <Name>133</Name>
    <RoomName>Room006</RoomName>
    <PositionX>15.40909</PositionX>
    <PositionY>1</PositionY>
    <PositionZ>30.40909</PositionZ>
    <ScaleX>3.363637</ScaleX>
    <ScaleY>2</ScaleY>
    <ScaleZ>0.1</ScaleZ>
    <RotateX>0</RotateX>
    <RotateY>0</RotateY>
    <RotateZ>0</RotateZ>
  </Wall>
  <Wall>
    <Name>134</Name>
    <RoomName>Room006</RoomName>
    <PositionX>13.72727</PositionX>
    <PositionY>1</PositionY>
    <PositionZ>33.68182</PositionZ>
    <ScaleX>6.545454</ScaleX>
    <ScaleY>2</ScaleY>
    <ScaleZ>0.1</ScaleZ>
    <RotateX>0</RotateX>
    <RotateY>90</RotateY>
    <RotateZ>0</RotateZ>
  </Wall>
  <Wall>
    <Name>135</Name>
    <RoomName>Room006</RoomName>
    <PositionX>13.72727</PositionX>
    <PositionY>1</PositionY>
    <PositionZ>38</PositionZ>
    <ScaleX>2.090912</ScaleX>
    <ScaleY>2</ScaleY>
    <ScaleZ>0.1</ScaleZ>
    <RotateX>0</RotateX>
    <RotateY>90</RotateY>
    <RotateZ>0</RotateZ>
  </Wall>
  <Wall>
    <Name>136</Name>
    <RoomName>Room006</RoomName>
    <PositionX>7.159091</PositionX>
    <PositionY>1</PositionY>
    <PositionZ>39.04546</PositionZ>
    <ScaleX>13.13636</ScaleX>
    <ScaleY>2</ScaleY>
    <ScaleZ>0.1</ScaleZ>
    <RotateX>0</RotateX>
    <RotateY>0</RotateY>
    <RotateZ>0</RotateZ>
  </Wall>
  <Wall>
    <Name>137</Name>
    <RoomName>Room006</RoomName>
    <PositionX>0.5909091</PositionX>
    <PositionY>1</PositionY>
    <PositionZ>33.31818</PositionZ>
    <ScaleX>11.45455</ScaleX>
    <ScaleY>2</ScaleY>
    <ScaleZ>0.1</ScaleZ>
    <RotateX>0</RotateX>
    <RotateY>90</RotateY>
    <RotateZ>0</RotateZ>
  </Wall>
  <Wall>
    <Name>138</Name>
    <RoomName>Room006</RoomName>
    <PositionX>3.068182</PositionX>
    <PositionY>1</PositionY>
    <PositionZ>27.59091</PositionZ>
    <ScaleX>4.954545</ScaleX>
    <ScaleY>2</ScaleY>
    <ScaleZ>0.1</ScaleZ>
    <RotateX>0</RotateX>
    <RotateY>0</RotateY>
    <RotateZ>0</RotateZ>
  </Wall>
  <Wall>
    <Name>139</Name>
    <RoomName>Room006</RoomName>
    <PositionX>8.431818</PositionX>
    <PositionY>1</PositionY>
    <PositionZ>27.59091</PositionZ>
    <ScaleX>5.772727</ScaleX>
    <ScaleY>2</ScaleY>
    <ScaleZ>0.1</ScaleZ>
    <RotateX>0</RotateX>
    <RotateY>0</RotateY>
    <RotateZ>0</RotateZ>
  </Wall>
  <Wall>
    <Name>140</Name>
    <RoomName>Room006</RoomName>
    <PositionX>11.31818</PositionX>
    <PositionY>1</PositionY>
    <PositionZ>24.02273</PositionZ>
    <ScaleX>7.136364</ScaleX>
    <ScaleY>2</ScaleY>
    <ScaleZ>0.1</ScaleZ>
    <RotateX>0</RotateX>
    <RotateY>90</RotateY>
    <RotateZ>0</RotateZ>
  </Wall>
  <Wall>
    <Name>141</Name>
    <RoomName>Room006</RoomName>
    <PositionX>11.31818</PositionX>
    <PositionY>1</PositionY>
    <PositionZ>19.25</PositionZ>
    <ScaleX>2.409092</ScaleX>
    <ScaleY>2</ScaleY>
    <ScaleZ>0.1</ScaleZ>
    <RotateX>0</RotateX>
    <RotateY>90</RotateY>
    <RotateZ>0</RotateZ>
  </Wall>
  <Wall>
    <Name>142</Name>
    <RoomName>Room006</RoomName>
    <PositionX>11.31818</PositionX>
    <PositionY>1</PositionY>
    <PositionZ>15.13636</PositionZ>
    <ScaleX>5.818181</ScaleX>
    <ScaleY>2</ScaleY>
    <ScaleZ>0.1</ScaleZ>
    <RotateX>0</RotateX>
    <RotateY>90</RotateY>
    <RotateZ>0</RotateZ>
  </Wall>
  <Wall>
    <Name>143</Name>
    <RoomName>Room006</RoomName>
    <PositionX>11.31818</PositionX>
    <PositionY>1</PositionY>
    <PositionZ>11.79545</PositionZ>
    <ScaleX>0.863637</ScaleX>
    <ScaleY>2</ScaleY>
    <ScaleZ>0.1</ScaleZ>
    <RotateX>0</RotateX>
    <RotateY>90</RotateY>
    <RotateZ>0</RotateZ>
  </Wall>
  <Wall>
    <Name>144</Name>
    <RoomName>Room006</RoomName>
    <PositionX>11.31818</PositionX>
    <PositionY>1</PositionY>
    <PositionZ>10.27273</PositionZ>
    <ScaleX>2.181818</ScaleX>
    <ScaleY>2</ScaleY>
    <ScaleZ>0.1</ScaleZ>
    <RotateX>0</RotateX>
    <RotateY>90</RotateY>
    <RotateZ>0</RotateZ>
  </Wall>
  <Wall>
    <Name>145</Name>
    <RoomName>Room006</RoomName>
    <PositionX>5.954545</PositionX>
    <PositionY>1</PositionY>
    <PositionZ>9.181818</PositionZ>
    <ScaleX>10.72727</ScaleX>
    <ScaleY>2</ScaleY>
    <ScaleZ>0.1</ScaleZ>
    <RotateX>0</RotateX>
    <RotateY>0</RotateY>
    <RotateZ>0</RotateZ>
  </Wall>
  <Wall>
    <Name>146</Name>
    <RoomName>Room006</RoomName>
    <PositionX>0.5909091</PositionX>
    <PositionY>1</PositionY>
    <PositionZ>8.318182</PositionZ>
    <ScaleX>1.727273</ScaleX>
    <ScaleY>2</ScaleY>
    <ScaleZ>0.1</ScaleZ>
    <RotateX>0</RotateX>
    <RotateY>90</RotateY>
    <RotateZ>0</RotateZ>
  </Wall>
  <Wall>
    <Name>147</Name>
    <RoomName>Room006</RoomName>
    <PositionX>7.75</PositionX>
    <PositionY>1</PositionY>
    <PositionZ>7.454545</PositionZ>
    <ScaleX>14.31818</ScaleX>
    <ScaleY>2</ScaleY>
    <ScaleZ>0.1</ScaleZ>
    <RotateX>0</RotateX>
    <RotateY>0</RotateY>
    <RotateZ>0</RotateZ>
  </Wall>
  <Wall>
    <Name>148</Name>
    <ObstacleName>2016-07-25 02:00:48.001</ObstacleName>
    <PositionX>3.977273</PositionX>
    <PositionY>1</PositionY>
    <PositionZ>2.068182</PositionZ>
    <ScaleX>1.77331</ScaleX>
    <ScaleY>2</ScaleY>
    <ScaleZ>0.1</ScaleZ>
    <RotateX>0</RotateX>
    <RotateY>271.4688</RotateY>
    <RotateZ>0</RotateZ>
  </Wall>
  <Wall>
    <Name>149</Name>
    <ObstacleName>2016-07-25 02:00:48.001</ObstacleName>
    <PositionX>4.272727</PositionX>
    <PositionY>1</PositionY>
    <PositionZ>2.954545</PositionZ>
    <ScaleX>0.5454545</ScaleX>
    <ScaleY>2</ScaleY>
    <ScaleZ>0.1</ScaleZ>
    <RotateX>0</RotateX>
    <RotateY>0</RotateY>
    <RotateZ>0</RotateZ>
  </Wall>
  <Wall>
    <Name>150</Name>
    <ObstacleName>2016-07-25 02:00:48.001</ObstacleName>
    <PositionX>4.545455</PositionX>
    <PositionY>1</PositionY>
    <PositionZ>2.068182</PositionZ>
    <ScaleX>1.772727</ScaleX>
    <ScaleY>2</ScaleY>
    <ScaleZ>0.1</ScaleZ>
    <RotateX>0</RotateX>
    <RotateY>90</RotateY>
    <RotateZ>0</RotateZ>
  </Wall>
  <Wall>
    <Name>151</Name>
    <ObstacleName>2016-07-25 02:00:48.001</ObstacleName>
    <PositionX>4.25</PositionX>
    <PositionY>1</PositionY>
    <PositionZ>1.181818</PositionZ>
    <ScaleX>0.590909</ScaleX>
    <ScaleY>2</ScaleY>
    <ScaleZ>0.1</ScaleZ>
    <RotateX>0</RotateX>
    <RotateY>0</RotateY>
    <RotateZ>0</RotateZ>
  </Wall>
  <Wall>
    <Name>152</Name>
    <ObstacleName>2016-07-25 02:00:54.329</ObstacleName>
    <PositionX>4.772727</PositionX>
    <PositionY>1</PositionY>
    <PositionZ>2.090909</PositionZ>
    <ScaleX>1.727273</ScaleX>
    <ScaleY>2</ScaleY>
    <ScaleZ>0.1</ScaleZ>
    <RotateX>0</RotateX>
    <RotateY>90</RotateY>
    <RotateZ>0</RotateZ>
  </Wall>
  <Wall>
    <Name>153</Name>
    <ObstacleName>2016-07-25 02:00:54.329</ObstacleName>
    <PositionX>5.068182</PositionX>
    <PositionY>1</PositionY>
    <PositionZ>2.954545</PositionZ>
    <ScaleX>0.590909</ScaleX>
    <ScaleY>2</ScaleY>
    <ScaleZ>0.1</ScaleZ>
    <RotateX>0</RotateX>
    <RotateY>0</RotateY>
    <RotateZ>0</RotateZ>
  </Wall>
  <Wall>
    <Name>154</Name>
    <ObstacleName>2016-07-25 02:00:54.329</ObstacleName>
    <PositionX>5.340909</PositionX>
    <PositionY>1</PositionY>
    <PositionZ>2.090909</PositionZ>
    <ScaleX>1.727871</ScaleX>
    <ScaleY>2</ScaleY>
    <ScaleZ>0.1</ScaleZ>
    <RotateX>0</RotateX>
    <RotateY>271.5074</RotateY>
    <RotateZ>0</RotateZ>
  </Wall>
  <Wall>
    <Name>155</Name>
    <ObstacleName>2016-07-25 02:00:54.329</ObstacleName>
    <PositionX>5.045455</PositionX>
    <PositionY>1</PositionY>
    <PositionZ>1.227273</PositionZ>
    <ScaleX>0.5454545</ScaleX>
    <ScaleY>2</ScaleY>
    <ScaleZ>0.1</ScaleZ>
    <RotateX>0</RotateX>
    <RotateY>0</RotateY>
    <RotateZ>0</RotateZ>
  </Wall>
  <Wall>
    <Name>156</Name>
    <ObstacleName>2016-07-25 02:01:00.484</ObstacleName>
    <PositionX>5.454545</PositionX>
    <PositionY>1</PositionY>
    <PositionZ>2.068182</PositionZ>
    <ScaleX>1.681818</ScaleX>
    <ScaleY>2</ScaleY>
    <ScaleZ>0.1</ScaleZ>
    <RotateX>0</RotateX>
    <RotateY>90</RotateY>
    <RotateZ>0</RotateZ>
  </Wall>
  <Wall>
    <Name>157</Name>
    <ObstacleName>2016-07-25 02:01:00.484</ObstacleName>
    <PositionX>5.727273</PositionX>
    <PositionY>1</PositionY>
    <PositionZ>2.931818</PositionZ>
    <ScaleX>0.5473452</ScaleX>
    <ScaleY>2</ScaleY>
    <ScaleZ>0.1</ScaleZ>
    <RotateX>0</RotateX>
    <RotateY>355.2364</RotateY>
    <RotateZ>0</RotateZ>
  </Wall>
  <Wall>
    <Name>158</Name>
    <ObstacleName>2016-07-25 02:01:00.484</ObstacleName>
    <PositionX>6</PositionX>
    <PositionY>1</PositionY>
    <PositionZ>2.090909</PositionZ>
    <ScaleX>1.727273</ScaleX>
    <ScaleY>2</ScaleY>
    <ScaleZ>0.1</ScaleZ>
    <RotateX>0</RotateX>
    <RotateY>90</RotateY>
    <RotateZ>0</RotateZ>
  </Wall>
  <Wall>
    <Name>159</Name>
    <ObstacleName>2016-07-25 02:01:00.484</ObstacleName>
    <PositionX>5.727273</PositionX>
    <PositionY>1</PositionY>
    <PositionZ>1.227273</PositionZ>
    <ScaleX>0.5454545</ScaleX>
    <ScaleY>2</ScaleY>
    <ScaleZ>0.1</ScaleZ>
    <RotateX>0</RotateX>
    <RotateY>0</RotateY>
    <RotateZ>0</RotateZ>
  </Wall>
  <Wall>
    <Name>160</Name>
    <ObstacleName>2016-07-25 02:01:24.499</ObstacleName>
    <PositionX>6.363636</PositionX>
    <PositionY>1</PositionY>
    <PositionZ>2.090909</PositionZ>
    <ScaleX>1.727273</ScaleX>
    <ScaleY>2</ScaleY>
    <ScaleZ>0.1</ScaleZ>
    <RotateX>0</RotateX>
    <RotateY>90</RotateY>
    <RotateZ>0</RotateZ>
  </Wall>
  <Wall>
    <Name>161</Name>
    <ObstacleName>2016-07-25 02:01:24.499</ObstacleName>
    <PositionX>6.681818</PositionX>
    <PositionY>1</PositionY>
    <PositionZ>2.954545</PositionZ>
    <ScaleX>0.6363635</ScaleX>
    <ScaleY>2</ScaleY>
    <ScaleZ>0.1</ScaleZ>
    <RotateX>0</RotateX>
    <RotateY>0</RotateY>
    <RotateZ>0</RotateZ>
  </Wall>
  <Wall>
    <Name>162</Name>
    <ObstacleName>2016-07-25 02:01:24.499</ObstacleName>
    <PositionX>6.977273</PositionX>
    <PositionY>1</PositionY>
    <PositionZ>2.068182</PositionZ>
    <ScaleX>1.77331</ScaleX>
    <ScaleY>2</ScaleY>
    <ScaleZ>0.1</ScaleZ>
    <RotateX>0</RotateX>
    <RotateY>271.4688</RotateY>
    <RotateZ>0</RotateZ>
  </Wall>
  <Wall>
    <Name>163</Name>
    <ObstacleName>2016-07-25 02:01:24.499</ObstacleName>
    <PositionX>6.659091</PositionX>
    <PositionY>1</PositionY>
    <PositionZ>1.204545</PositionZ>
    <ScaleX>0.5926547</ScaleX>
    <ScaleY>2</ScaleY>
    <ScaleZ>0.1</ScaleZ>
    <RotateX>0</RotateX>
    <RotateY>364.3987</RotateY>
    <RotateZ>0</RotateZ>
  </Wall>
  <Wall>
    <Name>164</Name>
    <ObstacleName>2016-07-25 02:01:31.861</ObstacleName>
    <PositionX>7.136364</PositionX>
    <PositionY>1</PositionY>
    <PositionZ>2.068182</PositionZ>
    <ScaleX>1.772727</ScaleX>
    <ScaleY>2</ScaleY>
    <ScaleZ>0.1</ScaleZ>
    <RotateX>0</RotateX>
    <RotateY>90</RotateY>
    <RotateZ>0</RotateZ>
  </Wall>
  <Wall>
    <Name>165</Name>
    <ObstacleName>2016-07-25 02:01:31.861</ObstacleName>
    <PositionX>7.409091</PositionX>
    <PositionY>1</PositionY>
    <PositionZ>2.954545</PositionZ>
    <ScaleX>0.5454545</ScaleX>
    <ScaleY>2</ScaleY>
    <ScaleZ>0.1</ScaleZ>
    <RotateX>0</RotateX>
    <RotateY>0</RotateY>
    <RotateZ>0</RotateZ>
  </Wall>
  <Wall>
    <Name>166</Name>
    <ObstacleName>2016-07-25 02:01:31.861</ObstacleName>
    <PositionX>7.704545</PositionX>
    <PositionY>1</PositionY>
    <PositionZ>2.068182</PositionZ>
    <ScaleX>1.77331</ScaleX>
    <ScaleY>2</ScaleY>
    <ScaleZ>0.1</ScaleZ>
    <RotateX>0</RotateX>
    <RotateY>448.5312</RotateY>
    <RotateZ>0</RotateZ>
  </Wall>
  <Wall>
    <Name>167</Name>
    <ObstacleName>2016-07-25 02:01:31.861</ObstacleName>
    <PositionX>7.431818</PositionX>
    <PositionY>1</PositionY>
    <PositionZ>1.181818</PositionZ>
    <ScaleX>0.590909</ScaleX>
    <ScaleY>2</ScaleY>
    <ScaleZ>0.1</ScaleZ>
    <RotateX>0</RotateX>
    <RotateY>0</RotateY>
    <RotateZ>0</RotateZ>
  </Wall>
  <Wall>
    <Name>168</Name>
    <ObstacleName>2016-07-25 02:01:58.027</ObstacleName>
    <PositionX>8.272727</PositionX>
    <PositionY>1</PositionY>
    <PositionZ>3.363636</PositionZ>
    <ScaleX>0.5454547</ScaleX>
    <ScaleY>2</ScaleY>
    <ScaleZ>0.1</ScaleZ>
    <RotateX>0</RotateX>
    <RotateY>90</RotateY>
    <RotateZ>0</RotateZ>
  </Wall>
  <Wall>
    <Name>169</Name>
    <ObstacleName>2016-07-25 02:01:58.027</ObstacleName>
    <PositionX>8.545454</PositionX>
    <PositionY>1</PositionY>
    <PositionZ>3.636364</PositionZ>
    <ScaleX>0.545455</ScaleX>
    <ScaleY>2</ScaleY>
    <ScaleZ>0.1</ScaleZ>
    <RotateX>0</RotateX>
    <RotateY>0</RotateY>
    <RotateZ>0</RotateZ>
  </Wall>
  <Wall>
    <Name>170</Name>
    <ObstacleName>2016-07-25 02:01:58.027</ObstacleName>
    <PositionX>8.818182</PositionX>
    <PositionY>1</PositionY>
    <PositionZ>3.340909</PositionZ>
    <ScaleX>0.5909092</ScaleX>
    <ScaleY>2</ScaleY>
    <ScaleZ>0.1</ScaleZ>
    <RotateX>0</RotateX>
    <RotateY>90</RotateY>
    <RotateZ>0</RotateZ>
  </Wall>
  <Wall>
    <Name>171</Name>
    <ObstacleName>2016-07-25 02:01:58.027</ObstacleName>
    <PositionX>8.545454</PositionX>
    <PositionY>1</PositionY>
    <PositionZ>3.068182</PositionZ>
    <ScaleX>0.5473456</ScaleX>
    <ScaleY>2</ScaleY>
    <ScaleZ>0.1</ScaleZ>
    <RotateX>0</RotateX>
    <RotateY>364.7636</RotateY>
    <RotateZ>0</RotateZ>
  </Wall>
  <Wall>
    <Name>172</Name>
    <ObstacleName>2016-07-25 02:02:06.963</ObstacleName>
    <PositionX>8.954545</PositionX>
    <PositionY>1</PositionY>
    <PositionZ>3.272727</PositionZ>
    <ScaleX>1.181818</ScaleX>
    <ScaleY>2</ScaleY>
    <ScaleZ>0.1</ScaleZ>
    <RotateX>0</RotateX>
    <RotateY>90</RotateY>
    <RotateZ>0</RotateZ>
  </Wall>
  <Wall>
    <Name>173</Name>
    <ObstacleName>2016-07-25 02:02:06.963</ObstacleName>
    <PositionX>9.295454</PositionX>
    <PositionY>1</PositionY>
    <PositionZ>3.886364</PositionZ>
    <ScaleX>0.6833324</ScaleX>
    <ScaleY>2</ScaleY>
    <ScaleZ>0.1</ScaleZ>
    <RotateX>0</RotateX>
    <RotateY>356.1859</RotateY>
    <RotateZ>0</RotateZ>
  </Wall>
  <Wall>
    <Name>174</Name>
    <ObstacleName>2016-07-25 02:02:06.963</ObstacleName>
    <PositionX>9.636364</PositionX>
    <PositionY>1</PositionY>
    <PositionZ>3.295455</PositionZ>
    <ScaleX>1.227273</ScaleX>
    <ScaleY>2</ScaleY>
    <ScaleZ>0.1</ScaleZ>
    <RotateX>0</RotateX>
    <RotateY>90</RotateY>
    <RotateZ>0</RotateZ>
  </Wall>
  <Wall>
    <Name>175</Name>
    <ObstacleName>2016-07-25 02:02:06.963</ObstacleName>
    <PositionX>9.295454</PositionX>
    <PositionY>1</PositionY>
    <PositionZ>2.681818</PositionZ>
    <ScaleX>0.681819</ScaleX>
    <ScaleY>2</ScaleY>
    <ScaleZ>0.1</ScaleZ>
    <RotateX>0</RotateX>
    <RotateY>0</RotateY>
    <RotateZ>0</RotateZ>
  </Wall>
  <Wall>
    <Name>176</Name>
    <ObstacleName>2016-07-25 02:02:30.462</ObstacleName>
    <PositionX>8.477272</PositionX>
    <PositionY>1</PositionY>
    <PositionZ>6.772727</PositionZ>
    <ScaleX>0.9102262</ScaleX>
    <ScaleY>2</ScaleY>
    <ScaleZ>0.1</ScaleZ>
    <RotateX>0</RotateX>
    <RotateY>272.8624</RotateY>
    <RotateZ>0</RotateZ>
  </Wall>
  <Wall>
    <Name>177</Name>
    <ObstacleName>2016-07-25 02:02:30.462</ObstacleName>
    <PositionX>9.931818</PositionX>
    <PositionY>1</PositionY>
    <PositionZ>6.295455</PositionZ>
    <ScaleX>2.954895</ScaleX>
    <ScaleY>2</ScaleY>
    <ScaleZ>0.1</ScaleZ>
    <RotateX>0</RotateX>
    <RotateY>360.8814</RotateY>
    <RotateZ>0</RotateZ>
  </Wall>
  <Wall>
    <Name>178</Name>
    <ObstacleName>2016-07-25 02:02:30.462</ObstacleName>
    <PositionX>11.43182</PositionX>
    <PositionY>1</PositionY>
    <PositionZ>6.727273</PositionZ>
    <ScaleX>0.9102262</ScaleX>
    <ScaleY>2</ScaleY>
    <ScaleZ>0.1</ScaleZ>
    <RotateX>0</RotateX>
    <RotateY>272.8624</RotateY>
    <RotateZ>0</RotateZ>
  </Wall>
  <Wall>
    <Name>179</Name>
    <ObstacleName>2016-07-25 02:02:30.462</ObstacleName>
    <PositionX>9.977272</PositionX>
    <PositionY>1</PositionY>
    <PositionZ>7.204545</PositionZ>
    <ScaleX>2.954895</ScaleX>
    <ScaleY>2</ScaleY>
    <ScaleZ>0.1</ScaleZ>
    <RotateX>0</RotateX>
    <RotateY>360.8814</RotateY>
    <RotateZ>0</RotateZ>
  </Wall>
  <Wall>
    <Name>180</Name>
    <ObstacleName>2016-07-25 02:02:56.667</ObstacleName>
    <PositionX>9.818182</PositionX>
    <PositionY>1</PositionY>
    <PositionZ>3.295455</PositionZ>
    <ScaleX>1.593504</ScaleX>
    <ScaleY>2</ScaleY>
    <ScaleZ>0.1</ScaleZ>
    <RotateX>0</RotateX>
    <RotateY>273.2705</RotateY>
    <RotateZ>0</RotateZ>
  </Wall>
  <Wall>
    <Name>181</Name>
    <ObstacleName>2016-07-25 02:02:56.667</ObstacleName>
    <PositionX>12.34091</PositionX>
    <PositionY>1</PositionY>
    <PositionZ>4.090909</PositionZ>
    <ScaleX>4.954546</ScaleX>
    <ScaleY>2</ScaleY>
    <ScaleZ>0.1</ScaleZ>
    <RotateX>0</RotateX>
    <RotateY>0</RotateY>
    <RotateZ>0</RotateZ>
  </Wall>
  <Wall>
    <Name>182</Name>
    <ObstacleName>2016-07-25 02:02:56.667</ObstacleName>
    <PositionX>14.79545</PositionX>
    <PositionY>1</PositionY>
    <PositionZ>3.295455</PositionZ>
    <ScaleX>1.591558</ScaleX>
    <ScaleY>2</ScaleY>
    <ScaleZ>0.1</ScaleZ>
    <RotateX>0</RotateX>
    <RotateY>271.6366</RotateY>
    <RotateZ>0</RotateZ>
  </Wall>
  <Wall>
    <Name>183</Name>
    <ObstacleName>2016-07-25 02:02:56.667</ObstacleName>
    <PositionX>12.27273</PositionX>
    <PositionY>1</PositionY>
    <PositionZ>2.5</PositionZ>
    <ScaleX>5</ScaleX>
    <ScaleY>2</ScaleY>
    <ScaleZ>0.1</ScaleZ>
    <RotateX>0</RotateX>
    <RotateY>0</RotateY>
    <RotateZ>0</RotateZ>
  </Wall>
</Walls>